name_groups=[american,arab,chinese,german,greek,japanese,welsh,korean,norman]
name_subgroups=[MaleGiven,FemaleGiven,Family]
americanMaleGiven=[James,John,Robert,Michael,William,David,Richard,Charles,Joseph,Thomas,Christopher,Daniel,Paul,Mark,Donald,George,Kenneth,Steven,Edward,Brian,Ronald,Anthony,Kevin,Jason,Matthew,Gary,Timothy,Jose,Larry,Jeffrey,Frank,Scott,Eric,Stephen,Andrew,Raymond,Gregory,Joshua,Jerry,Dennis,Walter,Patrick,Peter,Harold,Douglas,Henry,Carl,Arthur,Ryan,Roger,Joe,Juan,Jack,Albert,Jonathan,Justin,Terry,Gerald,Keith,Samuel,Willie,Ralph,Lawrence,Nicholas,Roy,Benjamin,Bruce,Brandon,Adam,Harry,Fred,Wayne,Billy,Steve,Louis,Jeremy,Aaron,Randy,Howard,Eugene,Carlos,Russell,Bobby,Victor,Martin,Ernest,Phillip,Todd,Jesse,Craig,Alan,Shawn,Clarence,Sean,Philip,Chris,Johnny,Earl,Jimmy,Antonio,Danny,Bryan,Tony,Luis,Mike,Stanley,Leonard,Nathan,Dale,Manuel,Rodney,Curtis,Norman,Allen,Marvin,Vincent,Glenn,Jeffery,Travis,Jeff,Chad,Jacob,Lee,Melvin,Alfred,Kyle,Francis,Bradley,Jesus,Herbert,Frederick,Ray,Joel,Edwin,Don,Eddie,Ricky,Troy,Randall,Barry,Alexander,Bernard,Mario,Leroy,Francisco,Marcus,Micheal,Theodore,Clifford,Miguel,Oscar,Jay,Jim,Tom,Calvin,Alex,Jon,Ronnie,Bill,Lloyd,Tommy,Leon,Derek,Warren,Darrell,Jerome,Floyd,Leo,Alvin,Tim,Wesley,Gordon,Dean,Greg,Jorge,Dustin,Pedro,Derrick,Dan,Lewis,Zachary,Corey,Herman,Maurice,Vernon,Roberto,Clyde,Glen,Hector,Shane,Ricardo,Sam,Rick,Lester,Brent,Ramon,Charlie,Tyler,Gilbert,Gene,Marc,Reginald,Ruben,Brett,Angel,Nathaniel,Rafael,Leslie,Edgar,Milton,Raul,Ben,Chester,Cecil,Duane,Franklin,Andre,Elmer,Brad,Gabriel,Ron,Mitchell,Roland,Arnold,Harvey,Jared,Adrian,Karl,Cory,Claude,Erik,Darryl,Jamie,Neil,Jessie,Christian,Javier,Fernando,Clinton,Ted,Mathew,Tyrone,Darren,Lonnie,Lance,Cody,Julio,Kelly,Kurt,Allan,Nelson,Guy,Clayton,Hugh,Max,Dwayne,Dwight,Armando,Felix,Jimmie,Everett,Jordan,Ian,Wallace,Ken,Bob,Jaime,Casey,Alfredo,Alberto,Dave,Ivan,Johnnie,Sidney,Byron,Julian,Isaac,Morris,Clifton,Willard,Daryl,Ross,Virgil,Andy,Marshall,Salvador,Perry,Kirk,Sergio,Marion,Tracy,Seth,Kent,Terrance,Rene,Eduardo,Terrence,Enrique,Freddie,Wade]
americanFemaleGiven=[Mary,Patricia,Linda,Barbara,Elizabeth,Jennifer,Maria,Susan,Margaret,Dorothy,Lisa,Nancy,Karen,Betty,Helen,Sandra,Donna,Carol,Ruth,Sharon,Michelle,Laura,Sarah,Kimberly,Deborah,Jessica,Shirley,Cynthia,Angela,Melissa,Brenda,Amy,Anna,Rebecca,Virginia,Kathleen,Pamela,Martha,Debra,Amanda,Stephanie,Carolyn,Christine,Marie,Janet,Catherine,Frances,Ann,Joyce,Diane,Alice,Julie,Heather,Teresa,Doris,Gloria,Evelyn,Jean,Cheryl,Mildred,Katherine,Joan,Ashley,Judith,Rose,Janice,Kelly,Nicole,Judy,Christina,Kathy,Theresa,Beverly,Denise,Tammy,Irene,Jane,Lori,Rachel,Marilyn,Andrea,Kathryn,Louise,Sara,Anne,Jacqueline,Wanda,Bonnie,Julia,Ruby,Lois,Tina,Phyllis,Norma,Paula,Diana,Annie,Lillian,Emily,Robin,Peggy,Crystal,Gladys,Rita,Dawn,Connie,Florence,Tracy,Edna,Tiffany,Carmen,Rosa,Cindy,Grace,Wendy,Victoria,Edith,Kim,Sherry,Sylvia,Josephine,Thelma,Shannon,Sheila,Ethel,Ellen,Elaine,Marjorie,Carrie,Charlotte,Monica,Esther,Pauline,Emma,Juanita,Anita,Rhonda,Hazel,Amber,Eva,Debbie,April,Leslie,Clara,Lucille,Jamie,Joanne,Eleanor,Valerie,Danielle,Megan,Alicia,Suzanne,Michele,Gail,Bertha,Darlene,Veronica,Jill,Erin,Geraldine,Lauren,Cathy,Joann,Lorraine,Lynn,Sally,Regina,Erica,Beatrice,Dolores,Bernice,Audrey,Yvonne,Annette,June,Samantha,Marion,Dana,Stacy,Ana,Renee,Ida,Vivian,Roberta,Holly,Brittany,Melanie,Loretta,Yolanda,Jeanette,Laurie,Katie,Kristen,Vanessa,Alma,Sue,Elsie,Beth,Jeanne,Vicki,Carla,Tara,Rosemary,Eileen,Terri,Gertrude,Lucy,Tonya,Ella,Stacey,Wilma,Gina,Kristin,Jessie,Natalie,Agnes,Vera,Willie,Charlene,Bessie,Delores,Melinda,Pearl,Arlene,Maureen,Colleen,Allison,Tamara,Joy,Georgia,Constance,Lillie,Claudia,Jackie,Marcia,Tanya,Nellie,Minnie,Marlene,Heidi,Glenda,Lydia,Viola,Courtney,Marian,Stella,Caroline,Dora,Jo,Vickie,Mattie,Terry,Maxine,Irma,Mabel,Marsha,Myrtle,Lena,Christy,Deanna,Patsy,Hilda,Gwendolyn,Jennie,Nora,Margie,Nina,Cassandra,Leah,Penny,Kay,Priscilla,Naomi,Carole,Brandy,Olga,Billie,Dianne,Tracey,Leona,Jenny,Felicia,Sonia,Miriam,Velma,Becky,Bobbie,Violet,Kristina,Toni,Misty,Mae,Shelly,Daisy,Ramona,Sherri,Erika,Katrina,Claire]
americanFamily=[Abell,Ackworth,Adams,Addicock,Alban,Aldebourne,Alfray,Alicock,Allard,Allen,Allington,Amberden,Amcotts,Amondsham,Andrews,Annesley,Ansty,Archer,Ardall,Ardern,Argentein,Arnold,Arthur,Asger,Ashby,Ashcombe,Ashenhurst,Ashton,Askew,Asplin,Astley,Atherton,Atkinson,Atlee,Attilburgh,Aubrey,Audeley,Audlington,Ayde,Ayleward,Aylmer,Aynesworth,Babham,Babington,Badby,Bailey,Baker,Balam,Baldwin,Ballard,Ballett,Bammard,Barber,Bardolf,Barefoot,Barker,Barnes,Barre,Barrentine,Barrett,Barstaple,Bartelot,Barton,Basset,Bathurst,Battersby,Battle,Baynton,Beauchamp,Beaumont,Beaurepaire,Beckingham,Bedell,Bedgberry,Bedingfeld,Beer,Beeton,Bell,Bend,Bennet,Benthey,Berdwell,Berecraft,Beresford,Berkhead,Bernard,Bernewelt,Berry,Berwick,Best,Bettsthorne,Bewforest,Bewley,Bexley,Bigley,Billing,Billingford,Bingham,Bird,Bishop,Bishopson,Bishoptree,Blacknall,Blackwell,Bladewell,Blakeley,Blennerhayset,Blexham,Blodwell,Bloom,Blount,Blundell,Boddenham,Bohan,Boote,Boothe,Borrell,Borrow,Bosby,Bost,Bostock,Boston,Bothy,Botteler,Boulder,Bourne,Boville,Bowcer,Bowett,Bownell,Bowyar,Bradbridge,Bradshawe,Bradstone,Bramfield,Brampton,Branch,Branwhaite,Brassie,Braunstone,Bray,Brayles,Brecknock,Bredham,Brent,Brett,Brewiss,Brewster,Bridgeman,Briggs,Brinkhurst,Bristow,Brocksby,Brodeway,Brodnax,Brokehill,Brome,Brook,Brougham,Broughton,Browett,Brown,Brownflet,Browning,Brudenell,Bryan,Buckingham,Bulkeley,Bulstrode,Burgess,Burgh,Burghill,Burgoyne,Burington,Burlton,Burnell,Burney,Burton,Bushbury,Buslingthorpe,Butler,Byfield,Caley,Callthorpe,Campden,Canon,Cantilupe,Carbonall,Cardiff,Carew,Carlyle,Carter,Cassy,Castell,Castletown,Catesby,Cavell,Caxton,Cely,Chamberlain,Champneys,Chanceller,Chandler,Chapman,Charles,Chase,Chatwyn,Chauncey,Cheddar,Chelsey,Chernock,Chester,Chetwood,Cheverell,Cheyne,Chichester,Child,Chilton,Chowne,Chudderley,Church,Churmond,Clark,Clavell,Claybrook,Clement,Clerk,Clifford,Clifton,Clitherow,Clopton,Cobb,Cobham,Cobley,Cockayne,Cod,Coddington,Coffin,Coggshall,Colby,Cole,Colkins,Collard,Colmer,Colt,Colthurst,Complin,Compton,Conquest,Cooke,Coorthopp,Coppinger,Corbett,Corby,Cossington,Cosworth,Cotton,Courtenay,Covert,Cowill,Cox,Crane,Cranford,Crawley,Cressy,Crickett,Cripps,Crisp,Cristemas,Crocker,Crugg,Cuddon,Culpepper,Cunningham,Curtis,Curzon,Dagworth,Dale,Dalingridge,Damsell,Danett,Danvers,Darcy,Darley,Daubernon,Daunce,Dauncey,Daundelyon,Davy,Dawne,Day,Deacons,Dean,Deering,Delabere,Delamere,Delly,Dencourt,Dennis,Denton,Dericott,Derington,Desford,Digby,Dimmock,Dinley,Dixton,Doddle,Dogmersfield,Donnett,Doreward,Dormer,Dove,Dow,Downer,Draper,Draw,Drayton,Dryden,Dryland,Dunch,Duncombe,Dunham,Duredent,Dusteby,Dye,Dynham,Edgar,Edgcombe,Edgerton,Edwards,Eggerley,Eglisfeld,Elliot,Ellis,Elmebrigge,Emerson,Engham,Engleford,Englisch,Epworth,Erewaker,Ermin,Ertham,Esmund,Estbury,Eston,Etchingham,Etton,Everard,Everdon,Evingar,Eyer,Eyston,Fabian,Faldo,Fane,Farindon,Fayneman,Felbrigg,Feld,Fenton,Ferrer,Feversham,Fienley,Finch,Findern,Fineux,Fisher,Fitton,Fitzgeoffrey,Fitzherbert,Fitzlewis,Fitzralph,Fitzwarren,Fitzwilliam,Fleet,Fleetwood,Fleming,Flexney,Flower,Fodd,Fogg,Foliot,Foljambe,Follon,Follywolle,Folsham,Fonteyn,Ford,Forder,Fortescue,Fortey,Fowler,Fox,Francey,Franklin,Fraunces,Freen,Freer,Freville,Frewell,Frilende,Frilleck,Frith,Froggenhall,Fromond,Froste,Frowseloure,Frye,Fulburne,Fulmer,Furnace,Gage,Gainsford,Galey,Gardiner,Gare,Garnis,Garrard,Garret,Gascoigne,Gasper,Gavell,Gedding,Geoffrey,George,Gerard,Gerville,Geste,Gibbs,Gifford,Gilbert,Gill,Ginter,Gisborne,Gittens,Glennon,Glover,Gobberd,Goddam,Godfrey,Gold,Golding,Goldwell,Gomershall,Gomfrey,Gonson,Good,Goodenouth,Gooder,Goodluck,Goodnestone,Goodrick,Goodrington,Goodwin,Goring,Gorney,Gorst,Gosebourne,Grafton,Gray,Greene,Greenway,Grenefeld,Greville,Grey,Grimbald,Grobbam,Grofhurst,Groston,Grove,Guildford,Hackman,Haddock,Haddon,Hadresham,Hakebourne,Hale,Hall,Halley,Hambard,Hammer,Hammond,Hampden,Hancock,Hansart,Harbird,Harbottle,Harcourt,Hardy,Harewell,Hargreve,Harlakinden,Harleston,Harley,Harpeden,Harper,Harris,Harte,Harvard,Harwood,Hasard,Hatch,Hatcliff,Hautreeve,Hawkins,Hawksworth,Hawtrey,Haye,Hayes,Hayton,Helm,Henshawe,Herleston,Heron,Hertcomb,Hervey,Heydon,Heywood,Heyworth,Higden,Highgate,Hilderley,Hill,Hinson,Hitchcock,Hoare,Hobart,Hodgson,Holbrook,Holcott,Holland,Holsey,Holt,Holton,Hopton,Horman,Hornebolt,Hornley,Horsey,Horthall,Horton,Hosteler,Hotham,Howard,Huddleston,Hugeford,Hughes,Hungate,Hurst,Hussey,Hutchinson,Hyde,Inwood,Isley,Jackmann,Jackson,James,Janner,Jarman,Jay,Jendring,Jenney,Johnson,Jordan,Joslin,Joulon,Jowchet,Keckilpenny,Kellett,Kelly,Kemp,Kent,Keriell,Kesteven,Key,Kidwelly,Killigrew,Killingworth,Kinge,Kirkeby,Kitson,Knighton,Knivetton,Knody,Knoyll,Knyvett,Kottow,la Barre,la Hale,la Penne,Lacy,Lambert,Lambton,Langston,Lappage,Latham,Latton,Launceleyn,Lave,Lawnder,le Bone,Leech,Leeds,Lehenard,Leigh,Leighlin,Leman,Lenton,Lestrange,Letterford,Leventhorpe,Leverer,Leveson,Lewis,Leynham,Leynthall,Limsey,Lind,Liripine,Lisle,Litchfield,Litcott,Littlebury,Litton,Liverich,Livesey,Lloyd,Lockton,Loddington,Lond,London,Long,Longton,Lovell,Loveney,Lowth,Lucy,Ludsthorp,Luke,Lumbard,Lupton,Lyfeld,Lyon,Makepiece,Malemayns,Malins,Malster,Maltoun,Manfield,Manston,Mapilton,Marcheford,Markeley,Marris,Marsham,Marten,Mason,Massingberd,Maudit,Mauntell,Maycott,Maydestone,Mayne,Maynwaring,Mead,Medeley,Merden,Mereworth,Merstun,Merton,Metcalf,Michelgrove,Middleton,Mill,Millet,Millis,Milner,Milsent,Moland,Molins,Molyngton,Monde,Montacute,Montagu,Moore,More,Morecott,Morley,Morris,Mortimer,Moryet,Motesfont,Mowfurth,Mugg,Mullens,Muston,Narbridge,Nash,Neale,Nevinson,Newdegate,Newman,Noke,Norbury,Norden,Norris,North,Northwood,Norton,Norwich,Norwood,Notfeld,Nottingham,Nysell,Obson,Oke,Oken,Olingworth,Oliver,Osborne,Osillbury,Osteler,Outlawe,Oxenbrigg,Page,Pagg,Palmer,Panshawe,Papley,Parker,Parrett,Parris,Parsons,Paston,Payne,Peacock,Peck,Peckham,Peel,Pelletoot,Peltie,Pemberton,Penhallick,Pennebrygg,Perchehay,Perris,Perrot,Perryvall,Petham,Petley,Pettit,Pettwood,Peyton,Philips,Piggott,Pinnock,Pinty,Playters,Plessey,Plimmswood,Poff,Pole,Polsted,Polton,Porter,Portington,Potter,Powlett,Pownder,Pratt,Pray,Prelate,Prophet,Prowd,Purles,Pursglove,Quintin,Radley,Rampston,Ramsey,Ratcliff,Raudell,Rawlin,Rawson,Raynsford,Redman,Reed,Reeve,Reynes,Richeman,Rickhill,Rickworth,Ringer,Rippringham,Risley,Robbins,Roberts,Robertson,Robinson,Rochester,Rochforth,Roland,Rolleston,Rondel,Ront,Roper,Rous,Rowdon,Rowe,Rowlett,Rowley,Rudhall,Rufford,Ruggenall,Ruggwain,Rusch,Russell,Ryall,Sacheverell,Sackville,Sadler,Saintaubin,Saintjohn,Salford,Salman,Salter,Saltonstall,Sampson,Samuell,Sanburne,Sandys,Saunders,Saunterton,Savill,Sayer,Saynsberry,Scarcliff,Scobahull,Scolfield,Scott,Scroggs,Scrope,Sedley,Selwyn,Serche,Sever,Seymour,Seys,Sharman,Shawe,Sheffield,Sheraton,Sherbourne,Sherman,Shern,Shevington,Shilton,Shingleton,Shipwash,Shiveley,Shoesmith,Shorditch,Shotbolt,Sibbell,Silvester,Simeon,Simmons,Sinclair,Skern,Skipwith,Sleaford,Slyfield,Smith,Snayth,Snell,Snelling,Sotton,Sparrow,Spebbington,Speir,Spelman,Spencer,Spettell,Spicer,Sprottle,Sprunt,Stacy,Stanbury,Standon,Stanley,Stanwix,Staple,Staunton,Staverton,Stepney,Steven,Steward,Stille,Stockton,Stoddeley,Stoke,Stokerton,Stokes,Stokey,Stone,Stoner,Stoughton,Strachleigh,Strader,Strangewayes,Street,Strelley,Stubb,Styles,Sulyard,Sumner,Swan,Sweetecok,Swetenham,Switt,Tabard,Tame,Taylor,Tedcastle,Thomas,Thornburgh,Thorne,Thornton,Thorpe,Throckmorton,Thursby,Tibbord,Tilghman,Tindall,Tiploft,Topsfield,Torrington,Totthill,Town,Tregonwell,Trenowyth,Trevett,Trumpington,Tubney,Turner,Twarby,Tweedy,Tyrell,Ufford,Underhill,Unton,Upton,Urswick,Vaughan,Vawdrey,Veldon,Verney,Vernon,Vinter,Wade,Wadham,Wake,Waldegrave,Waldeley,Walden,Walford,Walker,Wallace,Walrond,Walsch,Waltham,Walton,Wantell,Warbulton,Warde,Wardyworth,Warner,Warren,Wayte,Webb,Weeks,Welbeck,Welby,Wellins,Wenman,Wensley,West,Westbrook,Westlake,Weston,Wetherden,Wexcombe,White,Whitewood,Whitton,Whowood,Whyting,Widdowson,Wightman,Wilkins,Willardsey,Willcotts,Williams,Willis,Willmer,Wilmot,Wilson,Windham,Wingfield,Winkle,Winston,Winstringham,Winter,Wiseman,Withinghall,Wolfden,Wolstonton,Wolton,Wood,Woodbrygg,Woodward,Worsley,Wotton,Wreke,Wrenn,Wright,Wyard,Wyatt,Wyghtham,Wylde,Wymer,Wyville,Yate,Yaxley,Yelverton,Yornold,Young]
arabMaleGiven=[Aleem,Aalee,Abdul,Azeem,Azeez,Baari,Baasit,Fataah,Jabaar,Ghafaar,Ghafoor,Haady,Haafiz,Haq,Hakam,Hakeem,Haleem,Hameed,Haseeb,Jaleel,Qaadir,Kareem,Lateef,Majeed,Muiz,Mutaal,Mujeeb,Mateen,Muhaimin,Nasser,Qudoos,Qahaar,Subduer,Raafi,Raheem,Rahmaan,Rasheed,Razaaq,Salaam,Raouf,Khaaliq,Crear,Saboor,Samad,Samee,Abdullah,Shakoor,Tawaab,Wadood,Waahid,Wahaab,Abaan,Abbas,Al,Abbas,Abedin,Abed,Adnan,Adham,Ashraf,Aadil,Afeef,Ahmad,Akram,Alaa,Alaa,Ali,Ameen,Ameer,Amjad,Aamir,Ammar,Amr,Anas,Anees,Aarif,Awad,Ayoob,Ayman,Aws,Azhar,Azzaam,Abu,Bakr,Abul,Khayr,Aasim,Ataa,Arsh,Badr,Baha,Baahir,Bahiy,Bashaar,Basel,Basaam,Baasim,Smil,Bilal,Bishr,Burhaan,Dawoud,Dhul,Fiqaar,Diyaa,Fadi,Fadl,Fadl,Ullah,Fahad,Faisal,Faakhir,Fakhry,Fareed,Faaris,Faarooq,Fateen,Fawaz,Muhammad,Fidaa,Faris,Fuad,Ghaalib,Vicr,Ghasaan,Ghaazi,Ghiyaath,Haady,Haamid,Hamza,Haani,Humam,Haarith,Haaroon,Hassan,Haashim,Hassaan,Haatim,Haytham,Haashim,Huthayfa,Husaam,Husaam,Ihsaan,Hussein,Houd,Ibraheem,Idrees,Ikrimah,Imaad,Imaad,Udeen,Imraan,Irfaan,Iesa,Is-haaq,Isaam,Ismaael,Izz,Jaabir,Jaafar,Jalaal,Jamaal,Jamaal,Jameel,Jihad,Jawad,Kamal,Kaamil,Kareem,Khairy,Khair,Khaldoon,Khalid,Khaleel,Khuzaymah,Labeeb,Luqmaan,Lutfi,Main,Maad,Mahdy,Maahir,Mahmoud,Makeen,Majd,Majd,Majdy,Mamdouh,Mamnoon,Mansour,Marwan,Marzouq,Masoud,Maysarah,Maazin,Misbaah,Muaath,Ma-awiya,Umayyad,Khalifah,Muayid,Muhannad,Mufeed,Muhsin,Muhtady,Mujaahid,Mukhtaar,Munthir,Cautir,Muneer,Muntasir,Musad,Mustafa,Mutasim,Mutazz,Mutaa,Mutee,Muwafaq,Nabhan,Nabeeh,Nabeel,Naer,Nadeem,Naadir,Naeem,Najeeb,Naajy,Najm,Naahil,Naasih,Naseem,Nasser,Nawfal,Nazeeh,Naathim,Nooh,Nuyman,Noori,Noor,Omar,Omran,Omeir,Ossama,Qasim,Qatadah,Qays,Qudamah,Qutaybah,Rabah,Rabee,Rafee,Ragheb,Rayed,Rajab,Raakin,Raamiz,Rashad,Rashid,Raatib,Ridha,Ridhwan,Riyadh,Sabeeh,Saabir,Safiy,Safwan,Saahir,Saad,Saeed,Saajid,Salah,Saalih,Saleem,Salman,Samer,Samir,Saariyah,Sayf,Sayid,Shaady,Shafeeq,Shareef,Shihab,Siraaj,Subhy,Suhayb,Suhail,Sulayman,Suoud,Taahir,Talal,Talha,Tamam,Taamir,Tarfah,Tareef,Tariq,Tawfeeq,Tayseer,Taymullah,Thaabit,Thaqib,Ubaadah,Ubaidah,Ubay,Umar,Khalifah,Umaarah,Umair,Uqbah,Usaamah,Utbah,Wadeeh,Waahid,Wafeeq,Waa-il,Wajeeh,Waleed,Waliyullah,Waliyudeen,Waseem,Yahyaa,Yaman,Yasaar,Yaaseen,Yasir,Yazeed,Yoonus,Yoosuf,Zaafir,Zaahid,Zakariya,Zakiy,Zayd,Ziyad,Zuhayr,Zaahir]
arabFemaleGiven=[Abia,Abida,Abir,Abeer,Ablah,Abla,Abra,Adab,Adara,Adiba,Adila,Adilah,Adeela,Adiva,Afaf,Afifah,Afra,Ahd,Ahlam,Aidah,Aida,Ain,Aini,Aishah,Aisha,Ayishah,Akilah,Alhena,Alima,Alimah,Aliyyah,Aliah,Alia,Almas,Aludra,Alzubra,Amal,Amal,Amala,Amani,Amatullah,Amber,Aminah,Ameena,Amineh,Amirah,Ameera,Amtullah,Anan,Anbar,Anisah,Anwar,Ara,Areebah,Arub,Asima,Asiya,Asma,Atifa,Atiya,Ayah,Azhar,Azizah,Azeeza,Azzah,Badia,Badra,Badriyyah,Bahira,Baheera,Bahiya,Balqis,Banan,Baraka,Bariah,Barika,Bashirah,Basheera,Basimah,Baseema,Basmah,Batul,Batool,Bilqis,Bushra,Buthaynah,Buthayna,Cala,Cantara,Dahab,Dalal,Duha,Dhuha,Fadilah,Fadheela,Fadwa,Faizah,Falak,Farah,Faridah,Fareeda,Farihah,Fareeha,Fatimah,Fatima,Fatin,Fatinah,Fawziyyah,Fawziya,Fazia,Fellah,Firyal,Firdaws,Firdoos,Ghadah,Ghaliyah,Ghaniyah,Ghayda,Ghusun,Ghusoon,Habibah,Hadeel,Hadiya,Hadiyyah,Hafsah,Hafthah,Haifa,Hayfa,Halah,Halimah,Haleema,Hamidah,Hameeda,Hana,Hanan,Hanifah,Hanifa,Haneefa,Haniyyah,Hasna,Hayam,Hayat,Hessa,Hibah,Hind,Huda,Hooda,Huma,Huriyyah,Hooriya,Husn,Husniyah,Ibtihaj,Ikram,Ilham,Iman,Imtithal,Inam,Inas,Inaya,Intisar,Inzdihar,Jala,Jamilah,Jameela,Janan,Johara,Jumanah,Kalila,Kamilah,Karida,Karimah,Kareema,Kawthar,Khadijah,Khadeeja,Khalidah,Khayriyyah,Khairiya,Khulud,Khulood,Kulthum,Kulthoom,Lama,Lamis,Lamees,Lamya,Latifah,Lateefa,Layla,Leila,Lina,Leena,Lubabah,Luloah,Lulu,Madihah,Madeeha,Maha,Maisah,Maizah,Majidah,Majeeda,Makarim,Malak,Malika,Manal,Manar,Maram,Mariam,Maryam,Masouda,Mawiyah,Maymunah,May,Maysa,Maysun,Maysoon,Mayyadah,Mufidah,Mufeeda,Muhjah,Muminah,Muna,Munirah,Muneera,Mushirah,Musheera,Muslimah,Nabihah,Nabeeha,Nabilah,Nabeela,Nada,Nadia,Nadidah,Nadeeda,Nadirah,Nadwah,Nafisah,Nafeesa,Nahlah,Nailah,Naima,Naimah,Najah,Najat,Najibah,Najeeba,Najiyah,Najla,Najwa,Najya,Nashida,Nashita,Nashwa,Nasiha,Nasira,Nathifa,Nawal,Nawar,Nazahah,Nazihah,Nazirah,Nibal,Nida,Nimah,Nimat,Nouf,Nudar,Nudhar,Nuha,Numa,Nur,Noor,Qubilah,Rabab,Rabiah,Radeyah,Radhiya,Radwa,Radhwa,Rafa,Raghd,Rahimah,Raidah,Raja,Rana,Rand,Raniyah,Rasha,Rashida,Rasheeda,Rawdah,Rawdha,Rawiyah,Rayya,Rida,Rihana,Rim,Reem,Rima,Reema,Rukan,Ruqayyah,Ruqaya,Ruwaydah,Sabah,Sabirah,Safa,Safiyyah,Sahar,Sahlah,Saidah,Saihah,Sakinah,Sakeena,Salihah,Salimah,Saleema,Salma,Salwa,Samah,Samar,Sameh,Samihah,Sameeha,Samira,Sameera,Samiyah,Sana,Sawsan,Shadha,Shadiyah,Shahrazad,Sharifah,Shareefa,Siham,Souad,Suad,Suha,Suhailah,Suhaylah,Suhayla,Suhaymah,Suhayr,Suhair,Sumayyah,Sumaiya,Sumnah,Tahirah,Takiyah,Talibah,Tarub,Taroob,Thana,Thara,Thurayya,Umayma,Wafa,Wafiqah,Wafeeqa,Wafiyyah,Wafiya,Wahibah,Wajihah,Wajeeha,Walidah,Warda,Wardah,Wordah,Widad,Wijdan,Wisal,Yafiah,Yakootah,Yamha,Yaminah,Yasirah,Yasmine,Yasmin,Yasmeen,Yumn,Yusra,Zafirah,Zahirah,Zahra,Zahrah,Zainab,Zaynab,Zakiyyah,Zaynah,Zaina,Zubaidah]
arabFamily=[Abaza,Abou,Hamed,Abu,Shakra,Akil,Akwal,Al-Amri,Al-Dalharni,Al-Daye,Al-Deayea,Al-Dossadi,Al-Dossari,Al-Dwairan,Al-Farran,Al-Habash,Al-Halou,Al-Hardi,Al-Jaber,Al-Jaber,Al-Jahni,Al-Khlaiwi,Al-Mawalhad,Al-Mehalel,Al-Mowaled,Al-Mubi,Al-Mukhtar,Al-Mutadee,Al-Muwalid,Al-Nubi,Al-Owairan,Al-Sabah,Al-Sahaf,Al-Shahrani,Al-Shammari,Alam,Al-Asmari,Al-Dosari,Al-Fayyoumi,Algosaubi,Al-Jaber,Al-Jahani,Al-Jurr,Al-Karachi,Alkhaiwani,Al-Masaari,Al-Mehalel,Al-Razi,al-Sahhah,Al-Sharani,Al-Temiyat,Al-Thynniyan,Al-Zeid,Alzeshi,Amer,Amin,Andoni,Anwar,Asir,Atef,Baalbaki,Bahamdan,Bakahasab,Baraniq,Billah,Bin,Haji,Doka,Elouahabu,Faraj,Farrakhan,Hijaz,Ismail,Kanasani,Madani,Madari,Maro,Raboud,Rostom,Saleh,Shia-Agil,Shouaa,Siham,Solaimani,Somayli,Sulimani,Surur,Ta’anari,Zebramani,Zuabi,Zubromawi,Abdul-Hafeez,Kardar,Abdul-Qadir,Abid,Ali,Afaq,Hussain,Aftab,Gul,Alim-ud-Din,Amir,Elahi,Arif,Asad,Khan,Asif,Ahmed,Asif,Iqbal,Asif,Masood,Atta-ur-Rahman,Azmat,Rana,Dilawar,Hussain,Fakir,Syed,Aizazuddin,Fasihuddin,Fazal-Mahmood,Fida,Hussain,Ghazali-Ghulam,Abbas-Ghulam,Mahomed,Gul-Mahomed,Hafeez,Hanif,Mohammad,Haseeb,Ahsan,Ijaz,Ahmed,Ijaz,Butt,Ikram,Elahi,Imran,Khan,Imtiaz,Ahmed,Inshan,Ali,Intikhab,Ali,Inzamam-al-Haq,Jahangir,Khan,Javed,Akhtar,Javed,Miandad,K,Salam-ud-din,Karim,Ibadulla,Khalid,Hassan,Khalid,Wazir,Khan,Mohammad,Mahmood,Hussain,Mahomed,Nissar,Majid,Jahangir,Khan,Maqsood,Ahmed-Mohammad,Aslam-Mohammad,Farooq,Mohsin,Kamal,Mudassar,Nazar,Mulla,Mushtaq,Ali,Mushtaq-bin-Mohammad,Nasim-ul-Ghani,Naushad-Ali,Niaz,Ahmed,Pervej,Sajjad,Raza,Hussain,Nasir,Nassir,Ali-Sadiq,Saeed-Ahmed,Salahuddin,Salim,Altaf,Salim,Malik,Sarfraz,Nawaz,Shafquat,Husain,Shafquat,Rana,Al-Shahid-Mahmood,Shakoor,Ahmed-Shoiab,Shuja-ud-Din,Waqar,Ahmed,Waqar,Hassan,Waqar,Younis,Wasim,Akram,Wasim,Bari,Wazir,Ahmed-Zaheer,Abbas,Zulfikar,Abedzadeh,Abelzada,Afnan,Ahrari,Akhlaqi,Ala,Alam,Al-bin-Doleh,Ameri,Amini,Amir,Amirsadeghi,Ammini,Amouzegar,Amuzgar,Ansari,Al-Ansar,Anvari,Ardabili,Arfa,Armanjani,Asgapur,Ashrafy,Avarigan,Awji,Azizi,Al-bin-Bagheri,Bahonar-bin-Laden,Bakhtavar,Bakhtiar,Bani-Sadr,Baraheri,Bazargan,Al-Bihmardi,Daei,Dalvand,Dastghayb,Davisadr,Dhabihiyan,Diba,Dihmubidi,Dihqani,Dulabi,Ebtehaj,Eftekhari,Estili,Estilidaei,Ettehadieh,Fahandizh,Fatemi,Forrughi,Gaffari,Garoussi,Ghatary,Al-rhul-Ghias,Ghurani,Habibi,Hami,Haqiqat,Haqiqatju,Hejazi,Hisami,Homayoun,Hoveyda,Hushmand,Imami,Iravan-bin-Mahood,Ishraqi,Izadi,Jafari,Jahanpur,Jalili,Javadi,Jayhoon-Ahmed,Karbaschi,Kazemi,Kazimi,Keshuapad,Khadim,Khakpoor-bin-Mahood,Khakpour,Khamenei,Khandil,Khani,Khanlary,Khatami,Khomeini,Khushkhu,Khuzayn,Kordiyeh,Madari,Mahallati-Al-Bin,Mahdavi-Kia,Mahmudi,Mahmudnizhad,Majidi,Mansur,Maradi,Mazlum,Mehani,Mehr,Meshkat,Mihdizadih,Minavand,Misbahi,Moham,Mossadegh,Moullai,Mualimi,Muhammadi,Muhini,Mumtaz,Mumtazi,Muqimi,Musavi,Mutlaq,Naimi,Najafi,Nakisa,Nasiri,Nassiri,Nazari,Nemazi,Nezam,Nirumand,Norouzi,Nouri,Pahlavi,Pakravan,Pashazadeh,Qashqai,Qazai,Qoli,Rabani,Radji,Rafigdoost,Rahimi,Rawhani,Razmara,Reyahni,Roohizadegan,Sabbah,Sabet,Sabiri,Sadiqi,Salimpour,Sanjabi,Shafaq,Shahriar,Shahy,Shariat-bin-Laden,Shariati,Sharudi,Shirazi,Siyavushi,Sotoudeh,Sumech,Tabatabai-al-Rhul,Shah,Talaqani,Al-Talavi,Talebi,Al-Taleqani,Vafai,Vahdat,Yaldai,Al-Yaldai,Yaqtin,Al-ul-Yazdi,Zahed,Zahedi,Zairpur,Zanjani,Zarincheh,Ziya-al-Ghulam]
chineseMaleGiven=[Aiguo,An,Angúo,Bai,Bingwen,Bo,Bohai,Bojing,Bolin,Boqin,Changpu,Chanming,Chao,Chaoxiang,Chen,Cheng,Chenglei,Cheung,Chi,Chongan,Chongkun,Chonglin,Chuanli,Chung,Délì,Déshì,Déwei,Da,Dai,Delun,Deming,Dingbang,Dingxiang,Dong,Donghai,Duyi,Enlai,Fa,Fai,Fang,Feng,Fengge,Fu,Fuhua,Gan,Gang,Geming,Gen,Guang,Guangli,Gui,Guiren,Guoliang,Guotin,Guowei,Guozhi,Hai,He,Heng,Ho,Hong,Honghui,Hongqi,Hop,Huan,Huang Fu,Hui,Hulin,Hung,Huojin,Jaw-long,Jian,Jiang,Jianguo,Jianjun,Jianyu,Jin,Jing,Jingguo,Jinhai,Jinjing,Jun,Junjie,Kang,Keung,Kong,Lì,Lei,Li,Liang,Liang,Liko,Ling,Liu,Liwei,Lok,Longwei,Manchu,Ming-húa,Mingli,Ming-tun,Minsheng,Minzhe,Nianzu,On,Park,Peng,Pengfei,Ping,Qi,Qianfan,Qiang,Qingshan,Qingsheng,Qiquiang,Qiu,Quan,Quon,Renshu,Rong,Ru,Shàoqiáng,Shìlín,Shan,Shanyuan,Shen,Shen,Shi,Shing,Shining,Shirong,Shoi-ming,Shoushan,Shunyuan,Shu-sai-chong,Siyu,Sueh-yén,Sying,Tao,Tengfei,Tingzhe,Tsun-chùng,Tung,Wang,Wei,Weimin,Weisheng,Weiyuan,Weizhe,Wencheng,Wenyan,Wing,Wuzhou,Xiang,Xianliang,Xiaobo,Xiaodan,Xiaojian,Xiaosi,Xiaowen,Xiasheng,Xin,Xing,Xiu,Xue,Xueqin,Xueyou,Yang,Yanlin,Yaochuan,Yaoting,Yaozu,Ye,Yi,Yingjie,Yingpei,Yong,Yongliang,Yongnian,Yongrui,Yongzheng,You,Yuanjun,Yunxu,Yusheng,Zedong,Zemin,Zenguang,Zhìxin,Zhìyuan,Zhen,Zhengzhong,Zhensheng,Zhihuán,Zhiqiang,Zhong,Zian,Zihao,Zixin]
chineseFemaleGiven=[Ai,An,Baozhai,Bi,Biyu,Bo,Changchang,Changying,Chao-xing,Chenguang,Chow,Chu hua,Chun,Chunhua,Chuntao,Chyou,Cuifen,Da Chun,Dai-tai,Daiyu,Dandan,Da-Xia,Dongmei,Eu-fùnh,Eu-meh,Fang,Far,Fenfang,Fung,Guan-yin,Hùifang,Howin,Hu,Hua,Hualing,Huan,Huian,Huidai,Huifang,Huifen,Huilang,Huiliang,Huiqing,Huizhong,Hwei-ru,Jia,Jiahui,Jiao,Jiayi,Jiaying,Jie,Jingfei,Jinghua,Ju,Juan,Jun,Kuai hua,Kue ching,Kwong,Lì húa,Lìxúe,Lan,Lanfen,Lanying,Lee,Li,Lian,Lien,Lien hua,Lifen,Lihua,Lihwa,Lijuan,Liling,Lin,Lin,Ling,Ling,Linqin,Liqiu,Liu,Luli,Méh-è,Méh-fùnh,Mei,Mei,Meifen,Meifeng,Meihui,Meili,Meilin,Meirong,Meixiang,Meixiu,Meiying,Meizhen,Ming-huá,Mingxia,Mingyu,Mingzhu,Mu lan,Mu tan,Ning,Ninghong,Niu,Nuo,Nuwa,Peijing,Peizhi,Ping,Qiànrú,Qiao,Qiaohui,Qiaolian,Qing,Qingge,Qingling,Qingzhao,Qiu,Qiuyue,Rùfen,Renxiang,Rong,Rou,Ruiling,Ruolan,Ruomei,Shaoqing,Sheu-fùh,Shihong,Shu,Shuang,Shuchun,Shun,Song,Suyin,Syà,Sying,Tè,Tao,Ting,Tu,Ushi,Weici,Wen,Wenling,Wenquian,Xia,Xiaodan,Xiaofan,Xiaohui,Xiaojian,Xiaojing,Xiaoli,Xiaolian,Xiaoling,Xiaoqing,Xiaosheng,Xiaotong,Xiaozhi,Xifeng,Xingjuan,Xiu Mei,Xiulan,Xiurong,Xiuying,Xueman,Yáng,Yín,Yüying,Yüzhen,Ya,Yan,Yanmei,Yanyu,Yet Kwai,Ying,Yingtai,Yow,Yu,Yuèhai,Yuèqín,Yuan,Yubi,Yue,Yuet,Yu-jun,Yuk,Yuke,Yuming,Yun,Yunru,Yusheng,Zhaohui,Zhenzhen,Zhilan,Zhu,Zongying]
chineseFamily=[Lǐ,Wáng,Zhāng,Liú,Chén,Yáng,Huáng,Zhào,Zhōu,Wú,Xú,Sūn,Zhū,Mǎ,Hú,Guō,Lín,Hé,Gāo,Liáng,Zhèng,Luó,Sòng,Xiè,Táng,Hán,Cáo,Xǔ,Dèng,Xiāo,Féng,Zēng,Chéng,Cài,Péng,Pān,Yuán,Yú,Dǒng,Yú,Sū,Yè,Lǚ,Wèi,Jiǎng,Tián,Dù,Dīng,Shěn,Jiāng,Fàn,Jiāng,Fù,Zhōng,Lú,Wāng,Dài,Cuī,Rén,Lù,Liào,Yáo,Fāng,Jīn,Qiū,Xià,Tán,Wéi,Jiǎ,Zōu,Shí,Xióng,Mèng,Qín,Yán,Xuē,Hóu,Léi,Bái,Lóng,Duàn,Hǎo,Kǒng,Shào,Shǐ,Máo,Cháng,Wàn,Gù,Lài,Wǔ,Kāng,Hè,Yán,Yǐn,Qián,Shī,Niú,Hóng,Gōng,Shé,Mài,Zhuāng,Lù,Lí,Fù,Xíng,Ní,Táo,Gě]
germanMaleGiven=[Abelard,Adie,Adler,Alaric,Albert,Albrecht,Alger,Ancel,Arland,Armand,Arnold,Avicus,Baldwin,Baltasar,Baron,Bergen,Bernard,Bernstein,Bertram,Bingham,Bogart,Brandeis,Bronson,Bud,Burke,Burle,Carsten,Clay,Clovis,Colbert,Dagobert,Dalbert,Dale,Derek,Dewitt,Dian,Dieter,Dietrich,Dolf,Drake,Dutch,Eberhard,Egmont,Elbert,Emery,Ethelred,Everett,Falk,Ferdinand,Franz,Frederick,Fremont,Fritz,Gary,Geert,Geoffrey,Gerlac,Gilbert,Godfrey,Hagan,Hahn,Hammet,Harbin,Harlan,Harry,Heinrich,Heller,Henry,Herbert,Herman,Hernan,Hershel,Hildebrand,Hobart,Horst,Hubert,Hugh,Humbert,Huni,Hutch,Ing,Ingram,Ivo,Jerry,Kagan,Kant,Karcher,Karl,Kasch,Kass,Kearn,Kellen,Kepler,Kiefer,Klaus,Klein,Konrad,Kurt,Lance,Lando,Lang,Lear,Len,Leonard,Lindberg,Loring,Louis,Ludwig,Luther,Lyulf,Mallory,Mandel,Manfred,Mathias,Meyer,Miles,Milo,Nevin,Norbert,Oberon,Obert,Odette,Odis,Orlan,Ormand,Ormanda,Osborn,Osten,Otis,Otto,Paulos,Penrod,Rainart,Redmond,Reinhart,Reinhold,Rikard,Ring,Ritter,Roderick,Roger,Roland,Rolf,Rollins,Ross,Roswald,Roth,Rudeger,Rudolph,Rune,Schaffer,Schmidt,Schneider,Sinbad,Stark,Stefan,Stein,Strom,Tab,Theobold,Tyson,Uben,Uberto,Ubrig,Ubrigens,Uhr,Ulas,Ulbrecht,Ulbrich,Ulexite,Ulgar,Ulman,Ulriah,Ulrich,Unser,Uwe,Vaduz,Valdermar,Varick,Varner,Verile,Verner,Vid,Vilem,Vilmos,Volker,Waggoner,Wagner,Walbert,Waldemar,Waldron,Walmond,Walten,Walter,Waltraut,Warner,Warren,Wes,Wilbert,Willis,Wilmer,Wilson,Winfield,Yale,Yohann,Zamael,Zelig]
germanFemaleGiven=[Adalgisa,Adelaide,Adolfina,Aemilia,Alberta,Alice,Alisha,Amelia,Amerie,Anneliese,Antje,Arabelle,Aria,Arrietty,Aubrey,Berit,Berlynn,Binney,Bluma,Bruna,Callan,Cecania,Clay,Dagmar,Dale,Dame,Della,Dustin,Ebba,Edwina,Elfriede,Emma,Emmylou,Ermine,Faiga,Farica,Frederica,Frieda,Galiana,Geraldine,Gertrude,Gretchen,Griselda,Hallam,Heidi,Henrietta,Hilda,Honey,Ilsa,Imelda,Irma,Isela,Jarvia,Jenell,Jerolyn,Johanna,Joss,Kalona,Karel,Karla,Karlotta,Kateri,Katrin,Katrina,Kelby,Kerstin,Klarissa,Leisel,Leoma,Leona,Leonie,Liese,Liesel,Lise,Lorelei,Lotte,Louanna,Louisa,Luana,Lucina,Lysa,Mallory,Mandel,Mariel,Maritza,Mathilda,Meryl,Meta,Mina,Morgen,Nixie,Norberta,Nordica,Notburga,Odelia,Odella,Olinda,Oma,Orlantha,Ormanda,Otylia,Quartz,Rae,Rayma,Richelle,Roderica,Rolanda,Rory,Rosamund,Schmetterling,Senta,Serilda,Sieglinde,Silke,Sommer,Sonnenschein,Tabea,Tawanda,Tillie,Trude,Trula,Ulla,Ulrika,Ulva,Uta,Viveka,Walda,Wanda,Wilhelmina,Wilma,Winola,Zelda,Zelinda,Zelma,Zenzi]
germanFamily=[Abel,Aber,Achen,Ackert,Adelberg,Ahlgrim,Aller,Altenberg,Altmann,Ames,Anders,Angert,Anschuetz,Appel,Asch,Ascher,Aulbach,Austen,Babler,Bach,Bachmann,Bahler,Bahn,Ballmann,Balsinger,Bank,Banner,Bartel,Bauch,Bauer,Baum,Bayer,Beck,Beemer,Behringer,Bellinger,Belser,Berg,Berger,Bernd,Bernstein,Bertels,Bertram,Bickel,Bieber,Biehl,Biel,Birk,Blackert,Blaschko,Blatt,Bliss,Blum,Blumberg,Bluth,Boeder,Bohnert,Bohr,Bose,Brahm,Brandt,Brecker,Brenner,Brickle,Buck,Buller,Burger,Burr,Buseman,Butz,Clemens,Cruse,Dahm,Danner,Debus,Decker,Degler,Deichert,Dell,Denhart,Denning,Denzel,Deutsch,Dewitz,Dick,Dickmann,Dieleman,Dieter,Dinkelman,Dittmann,Doppler,Dorfman,Dorner,Dreiling,Duell,Eben,Eberhhardt,Eckard,Eckelman,Edinger,Egle,Eichmann,Eidman,Eiker,Eisenberg,Eisenhauer,Eleazer,Elfman,Elm,Emmerich,Endorf,Engel,Erler,Esther,Eulberg,Eyer,Fackler,Fahrer,Falkner,Fassbender,Faust,Federer,Fehler,Feldmann,Fey,Fickle,Fieber,Fink,Finkel,Fitz,Florman,Frankenstein,Frei,Friedemann,Fritz,Fuhr,Funke,Gabel,Gebhardt,Gehr,Geiss,Geller,Gerner,Gerwig,Giebler,Ginger,Glaser,Glassmann,Goethe,Gossmann,Goth,Grande,Greber,Gressler,Grimm,Grimmer,Grof,Grund,Gunderman,Haag,Haber,Hader,Hager,Hahn,Halberg,Haling,Hammerstein,Handler,Hansel,Hardt,Hardwick,Harling,Hasselbach,Haubert,Heffner,Heimlich,Heinkel,Helberg,Heller,Helsing,Hemp,Hendler,Henke,Hensel,Herber,Hertz,Hiegel,Hilde,Hilger,Himmel,Hoch,Hoffman,Hoffner,Hogg,Hopper,Hoss,Hummel,Hurst,Ingman,Isaak,Jackels,Jaeger,Jager,Janowitz,Jenner,Johannes,Judd,Kafer,Kahl,Kalbach,Kant,Kaplan,Katz,Kaufmann,Kegel,Kehr,Kemper,Kiehl,Kimmel,Klamm,Klauss,Kleinfield,Kleinmann,Klopp,Kloss,Knapp,Koback,Koepf,Kohl,Konrad,Kopp,Kostner,Krall,Kramer,Kroll,Kroner,Krueger,Kuehler,Kupper,Lachmann,Landt,Last,Lauer,Lehr,Lemmer,Lichtenberg,Liebe,Lillich,Linde,Lindt,Lockert,Loeb,Loewe,Lottman,Lowitz,Ludwig,Lukas,Lux,Mahler,Majer,Mandel,Markus,Mauer,Mayer,Mechler,Mehr,Merkel,Messer,Metz,Moretz,Muehl,Muller,Nacht,Naser,Neider,Nessel,Neuer,Neumann,Nickol,Nimz,Nix,Norder,Oberhaus,Oberlin,Ockert,Odenwald,Offen,Osen,Ostermeyer,Ostwald,Pahl,Palmer,Paxman,Peifer,Perleberg,Pfeiffer,Picker,Pier,Pine,Pittman,Plath,Platt,Pohl,Polk,Posner,Prather,Printz,Radke,Rahman,Rand,Ranger,Rasner,Rath,Redmann,Reinhart,Rembold,Reuter,Rigler,Ringer,Ringwald,Rinkel,Ritter,Rockefeller,Rodebaugh,Roemer,Rosenbach,Roth,Rothschild,Ruben,Rucker,Rummel,Sachs,Salzberg,Schaeffer,Scheffer,Schlei,Schmidt,Scholl,Schweiger,Schwimmer,Seifried,Seiss,Seltzer,Seyfried,Siegel,Simson,Sonderman,Spader,Spangler,Spielmann,Spier,Stahler,Stark,Stein,Sterling,Steuber,Stiller,Strick,Stueber,Suess,Tannanbaum,Tinsman,Traeger,Tripp,Trump,Uber,Uehling,Uhl,Ulrich,Ungerer,Vasel,Visel,Voelker,Vogel,Von Berg,Von Stein,Voss,Wack,Wagler,Walberg,Wall,Weigel,Weimer,Wein,Weisel,Weiser,Weiss,Weltman,Wendle,Werth,Wertz,Wicker,Wieber,Wiese,Wilhelms,Winkel,Wisser,Wurst,Xander,Zachmann,Zaske,Zeiger,Zeller,Zimmermann,Zuckerman]
greekMaleGiven=[Aigeus,Agias,Aineias,Aeneas,Eneas,Alexander,Alexandros,Alekos,Aleksiu,Alexios,Sander,Sandros,Anakletos,Cletus,Kletos,Anastasios,Anstace,Angelos,Angelo,Anzioleto,Anziolo,Aniketos,Nikita,Apollo,Apolo,Polo,Argos,Argus,Aristides,Aristeides,Ari,Aris,Aristotelis,Aristoteles,Aristotle,Telis,Athanasios,Thanasis,Thanasi,Thanos,Basileios,Vasileios,Vasilios,Vasilis,Vassili,Basil,Vasos,Benedictos,Benedict,Venedictos,Christiano,Christian,Kristion,Kris,Christos,Kristos,Kristo,Damaskenos,Damaskinos,Damianos,Damian,Damon,Demetrios,Demetrius,Dhimitrios,Dimitrios,Dimitris,Demetri,Mitros,Dionysios,Denys,Dinos,Dion,Eleutherios,Eleftherios,Eleaterios,Erasmios,Eugenios,Eugen,Eusebios,Eusebius,Eustachius,Eustakhios,George,Georghios,Georgios,Iorgos,Yorgos,Gregorios,Gregor,Grigoris,Grigorius,Heraklees,Herakles,Hercules,Hieremias,Hieronymos,Isidoros,Isadorios,Isidor,Isidore,Jason,Iason,Kyprios,Kypros,Kyrillos,Kiril,Kyros,Leiandros,Leander,Leandros,Loukanos,Lukianos,Loukas,Loucas,Lucas,Lucais,Lukas,Lysandros,Lysander,Sander,Sandros,Makarios,Makar,Makis,Memnos,Michalis,Nektarios,Nectarios,Nikodemos,Nicodemus,Nikolaos,Nicholas,Nikolas,Nikolos,Nocolau,Nico,Nicos,Niko,Nikos,Nilos,Orestes,Orest,Panagiotis,Panayiotis,Panos,Pan,Pericles,Periklis,Philippos,Philip,Prokopios,Procopius,Sebastianos,Sebastian,Spiridon,Spyridon,Spyros,Stephanos,Stefanos,Stephanas,Staphanos,Stamatis,Stavros,Theodor,Theodore,Theodorus,Feodor,Theo,Zeno,Zenon,Acheron,Achillios,Adamantios,Adonis,Aetios,Agapios,Agathias,Aiakos,Aiolos,Aktaion,Ambrosios,Andreas,Anninos,Antaios,Apostolos,Archimedes,Aristokles,Arkhippos,Arsenios,Charalambos,Christophoros,Dareios,Dighenis,Doxiadis,Eleni,Elpidios,Epaminondas,Euphemios,Euripedes,Evangelos,Glafkos,Gondikas,Hali,Harilaos,Hermes,Hesperos,Hippocrates,Hippolytos,Homerus,Kalinikos,Kalogeros,Kharilaos,Kimon,Kosmas,Kyriako,Lambros,Leontius,Manolis,Marinos,Methodius,Metrophanes,Milos,Miltos,Mimis,Myron,Nestor,Nikiforos,Nikomedes,Nikostartos,Odysseus,Orion,Parthenios,Pelagios,Philogathos,Platon,Podromos,Polymenis,Rhigas,Savas,Skyros,Socrates,Sophoklis,Soterios,Stelios,Tanek,Tasos,Teles,Telesphorus,Thaddaios,Themistoklis,Theodosius,Theofanis,Theophilus,Thrasyvoulos,Timotheos,Titos,Traianos,Tychon,Tzannas,Xenophon,Zenobios,Ioannes,Giankos,Giannes,Ioannikios,Ioannis,Iannis,Jannes,Joannoulos,Yannis,Yannas,Yanni,Yannakis,Nannos,Isaakios,Ioseph,Iakobus,Iakovus,Baltsaros,Michaelis,Mikhail,Michael,Mikhalis,Seimon,Symeon,Zachaios,Zacheus,Konstantinos,Konstandinos,Costa,Costas,Kastas,Kostas,Kosti,Kostis,Klemenis,Klemens,Laurentios,Viktor]
greekFemaleGiven=[Adonia,Adona,Agathe,Agathi,Alethea,Alethia,Alithea,Thea,Alexandra,Alexa,Alexia,Aleka,Aleki,Alex,Lexa,Lexi,Alexine,Ritsa,Alfa,Althaia,Altheda,Altheta,Thea,Theda,Theta,Ambrosia,Ambrosina,Ambrosine,Brosina,Anastasia,Anastasie,Anasta,Stacie,Stasia,Andromede,Andromeda,Meda,Angele,Angela,Angeliki,Angheliki,Angeline,Angliki,Antheia,Anthea,Antha,Thea,Apolline,Apollina,Arete,Areta,Ariadne,Ariadna,Ariana,Ariane,Arianne,Eria,Artemis,Artemisia,Aspasia,Aspa,Aspia,Aster,Asta,Astra,Astrea,Atalante,Atalanta,Atlanta,Athene,Athena,Basila,Basilea,Basilia,Vasiliki,Berenike,Berenice,Bernice,Berna,Calandra,Calla,Calli,Charis,Charissa,Chloris,Chloras,Chlorise,Chlorisse,Cloris,Christiane,Christine,Christa,Christi,Clytie,Clyte,Clytia,Cosima,Cosma,Cressida,Cresida,Cressa,Cyma,Syma,Cynara,Zinara,Cypria,Cipria,Cipriana,Cypra,Cytherea,Cytheria,Damalis,Damala,Damalas,Damali,Damalla,Damaris,Damara,Damarra,Mara,Mari,Maris,Daphne,Daphna,Daphney,Darice,Daria,Darise,Darrice,Dari,Delphine,Delfina,Delfine,Delfinia,Delphina,Delphinia,Demetria,Demetra,Demitria,Dimitra,Dimitria,Denise,Denice,Diantha,Dianthe,Dianthia,Dionne,Diona,Dione,Dionis,Dionyssia,Dora,Dorinda,Doris,Dorea,Doria,Dorice,Dorise,Dorisse,Dorris,Dorrise,Dorkas,Dorca,Dorcas,Dorcea,Dorcia,Dorothe,Dorthea,Eirene,Irene,Rena,Ekaterine,Ekaterini,Aikaterine,Katina,Eleftheria,Elewteria,Elewtheria,Elektra,Electra,Ellice,Ellise,Eudora,Euda,Eudosia,Eudocia,Eudokia,Eudoxia,Eugenia,Evgenia,Eulalia,Eulalie,Eula,Lelia,Eunike,Eunice,Filia,Hagne,Agna,Agne,Agnes,Helene,Helena,Lena,Elaine,Elena,Ellena,Eleni,Elenitsa,Elina,Nitsa,Hesper,Hespera,Hesperia,Ianthe,Iantha,Iona,Ione,Ionia,Iphigeneia,Iphigenia,Iris,Irisa,Isaura,Isaure,Aura,Kali,Kalli,Kalyca,Kalika,Kalliope,Kaliope,Calliope,Kallisto,Calista,Kassandra,Casandra,Cassandra,Cassandre,Khloe,Chloe,Cloe,Kore,Cora,Kora,Koren,Korinna,Corinna,Corrinne,Corrina,Corrine,Corinne,Cori,Kynthoa,Cinthia,Cynthia,Lydia,Lidia,Magdelene,Madeline,Lena,Margarites,Gryta,Melaina,Melania,Melanie,Melodie,Melody,Neoma,Neomah,Nikola,Nikoleta,Nikki,Niki,Nysa,Nyssa,Odele,Odella,Olympia,Olympe,Lympia,Pia,Ophelia,Ophelie,Phelia,Ourania,Urania,Parthenie,Parhena,Parthenia,Petra,Petrina,Phaidra,Phaedra,Philana,Philene,Philina,Phillina,Philippa,Philippe,Phillipa,Phillippe,Pippa,Phyllis,Philis,Phillis,Philisse,Phylis,Phylisse,Rhode,Rhoda,Selene,Celena,Selona,Sibyl,Sibella,Sibyll,Sibylla,Sybil,Sybilla,Sophia,Sofia,Sophie,Sofi,Stefana,Stefania,Tecla,Tekla,Thecla,Thekla,Thaleia,Thalia,Theodora,Fedora,Feodora,Teodora,Theone,Theona,Theonie,Theophania,Theophano,Theresa,Teresa,Terese,Tresa,Resi,Xanthe,Xantha,Xenia,Zena,Zenia,Xylia,Xyla,Xylina,Xylona,Acacia,Acantha,Aegea,Aeola,Agalia,Alala,Aldora,Aleni,Anatolia,Andrianna,Anemone,Angeline,Aphrodite,Athena,Athenagora,Calantha,Calida,Cassia,Cleopatra,Cyra,Damia,Daphne,Deianira,Delia,Dido,Dimitra,Echo,Elma,Elpida,Emalia,Erianthe,Euphemia,Euphenia,Euphrosyne,Evadne,Evanthe,Fotini,Galatea,Georgia,Halcyone,Helena,Helia,Hera,Hermione,Io,Isadora,Jocasta,Kalidas,Kaligenia,Kalligenia,Kallirrhoe,Kalonice,Kyriakoula,Lalage,Leandra,Leda,Lycoris,Lyris,Marina,Medora,Melantha,Melina,Melissa,Mona,Neola,Neona,Nerissa,Nike,Niobe,Olga,Orthia,Pandora,Pangiota,Panthea,Pelagia,Penelope,Persephone,Philantha,Philomela,Philomena,Philothea,Phoebe,Phoenix,Rhea,Saphhira,Sofronia,Stamata,Stella,Tassia,Tassula,Tessa,Thaddea,Thais,Thalassa,Tharsia,Theodosia,Theophilia,Thetis,Timothea,Toula,Xantippe,Yana,Zenaida,Zenobia,Zephyra,Zoe]
greekFamily=[Alexopolous,Alexopoulos,Anagyrou,Anastassiou,Andreadis,Andreou,Andriopoulos,Andronikos,Andros,Androuchelli,Androupolos,Androutsos,Angelis,Angelomatis,Angelou,Anistonopoulos,Anninos,Antikatzides,Antonatos,Antonious,Argyra,Athanasiadis,Athanassiadi,Axelos,Bakirdzis,Bakogianni,Balanos,Bazignos,Bessarion,Bizos,Borbokis,Botsaris,Boudouris,Bourgani,Capodistria,Carides,Castriota,Catalactus,Chacoliades,Chakiris,Christodoulou,Christos,Clerides,Constandouros,Constantinis,Cosmatos,Costanduros,Costi,Cotsadis,Couloumbis,Coulouris,Coulouris,Damaskinos,Deligiannis,Deligiorgis,Delivorias,Dellas,Demertzis,Demosthenous,Dimas,Dimitrakos,Dimitriades,Dimitris,Dimotsios,Diomedes,Dontas,Doxiadis,Dukakis,Duvis,Economakis,Economou,Eliades,Elipandas,Ellinas,Farakos,Fettas,Florakis,Galonopoulas,Gatsioudis,Gatzioudis,Gavrielides,Gennadios,Genovelis,George,Georghiou,Giorgiou,Gislenus,Gizikis,Glezos,Gogos,Gonatas,Goulandris,Gounaris,Gousetti,Grivas,Hagiorgiu,Hajiyanni,Halara,Harteros,Iakovakis,Iakovou,Iatrides,Ioannidis,Ioannou,Issigonis,Joakimides,Kairis,Kaklamanakis,Kakoulli,Kalergi,Kallabis,Kalvos,Kanaris,Kanellopoulos,Kaphandaris,Karahi,Karaiskakis,Karamanlis,Karatossos,Karoki,Karyoti,Kasomoulis,Katsantonis,Katsaris,Kenteris,Khadjikyriakos,Klaras,Kochalakos,Koffa,Kokkinos,Kokotis,Kolettis,Kollias,Kolokotronis,Kondylis,Kontoghiorghes,Koraïs,Korkizoglu,Korres,Koryzis,Koskotas,Kostanopoulos,Kostopoulou,Kostopulos,Kotaridou,Koukodimos,Koukoudimos,Koumoundouros,Koundouriotis,Kourniakis,Kousoulas,Kozani,Kritopoulos,Kyprianou,Kyriacou,Kyriakou,Kyriazis,Lambrakis,Lambrianou,Lambrinos,Lathouris,Lazardis,Leonidis,Lianis,Logotheti,Louca,Louganis,Louvaris,Lyssarides,Maganas,Magos,Maharis,Makarezos,Makrigiannis,Malachias,Maliagros,Mangakis,Marcoullides,Mardas,Marinatos,Markezinis,Markoulides,Markoullides,Marsolais,Martis,Matacena,Mavridou,Mavrogordatos,Mavrokordatos,Mavromikhalis,Mavros,Mavroudis,Maximos,Melas,Meletoglou,Meletoglu,Melikis,Melissanides,Mercouri,Merukides,Messimeris,Metaxas,Michaelis,Mikalis,Mikhalakopoulos,Militis,Mitrou,Mitsotakis,Monomachus,Moscopolis,Moumoulidis,Muscouri,Mylonas,Nafpliotis,Negris,Niarkhos,Nikolaides,Onassis,Orphanides,Oxinos,Palamas,Pallis,Pan,Panagiatopoulos,Panagiopoulou,Panagiotopou,Panagou,Panagoulias,Panagoulis,Panaotis,Panavoglou,Panayi,Panayides,Panayiotopoulos,Panayiotou,Pangalos,Papadakis,Papademetriou,Papadias,Papadopolos,Papadopoulos,Papadoupolos,Papafagos,Papageorgiou,Papagos,Papakostas,Papamichael,Papanastasiou,Papandreou,Papasotiriou,Papatamelis,Papathanassiou,Papoulias,Pappas,Pappou,Parastadidis,Pattakos,Pavlakakis,Pentzopoulos,Pesmazoglou,Pheraios,Philipousis,Pierides,Pietris,Pipinelis,Pittakis,Pittakys,Plastiras,Polides,Polycarpous,Polychroniadis,Polychroniou,Polydorou,Polymeropoulos,Polymeru,Polyzou,Popotas,Porpurogenitos,Pratkanis,Prevalakis,Primikynos,Psara,Psaros,Psaroulakis,Rallis,Saltsidis,Samos,Sampras,Sanassis,Sarakatsani,Saraphis,Sardzetakis,Sarris,Sartzetakis,Sarus,Savakis,Savalos,Savvides,Sbokos,Senteildis,Siantos,Sicilianos,Simopoulos,Sirtis,Skandalis,Skiotis,Skouloudis,Skouphas,Solomos,Sophoulis,Souvaltzis,Stamanakis,Stasi,Stavrakis,Stavrianakis,Stavrianos,Stavrou,Stephanopoulos,Stoikos,Strapoudopolos,Stratis,Stroubakos,Taliadoros,Tathouris,Tavoularis,Terzin,Thanou,Theodopoulos,Theodorakis,Theophanous,Theothanou,Theotokis,Touliatos,Tournikiotis,Tragianopoulos,Trikoupis,Trikoupis,Tsakolov,Tsaldaris,Tsatsos,Tsavdaridou,Tsiamita,Tsigakou,Tsikouna,Tsiolakoudi,Tsirigolis,Tsirimokos,Tsolakoglou,Tsoni,Tsouderos,Tsougarakis,Tsoutsouvas,Tsyoma,Tzannetakis,Tzivas,Vadeki,Valaoritis,Valvis,Vaphiadis,Vardakastanis,Varvaressos,Vasdeki,Vasdekis,Vasiliou,Vassilides,Vatatzes,Veloukhiotis,Venizelos,Verdanis,Vergopoulos,Vlakhos,Vlakhou,Voulgaris,Voulgaropoulos,Vouris,Xanthos,Xanthou,Xenakis,Xydis,Yannopoulos,Yialouris,Ypsilantis,Zafiropoulos,Zaïmis,Zakhariadis,Zarikos,Zervakos,Zervas,Zikos,Zindilis,Zisimides,Zographas,Zoïtakis,Zolotas]
japaneseMaleGiven=[Akira,Banko,Banzan,Bassui,Benjiro,Botan,Chimon,Chotan,Dai,Dai-In,Daido,Doryo,Engu,Enki,Enmei,Eryu,Fudoki,Fujita,Genko,Goro,Hakaku,Haru,Hideaki,Hiromasa,Hiroshi,Hisoka,Hoshi,Iachima,Itsu,Jikai,Jiro,Jiryu,Joben,Joji,Jomei,Junichiro,Kado,Kaisha,Kakumyo,Kanaye,Kando,Kane,Kaori,Kazuo,Keitaro,Kentaro,Kin,Kishi,Kisho,Kiyoshi,Kogen,Koichi,Kozan,Makoto,Mamoru,Manzo,Mareo,Maro,Masahiro,Masakazu,Masao,Masato,Masatoshi,Michio,Minoru,Montaro,Morio,Mu-nan,Mugen,Nan Shin,Naoko,Oki,Raidon,Rei,Ringo,Roka,Ronin,Ryogi,Ryoichi,Ryozo,Ryuichi,Saburo,Seiichi,Seiko,Senichi,Shinichi,Shiro,Shoichi,Shuichi,Shunichi,Takeshi,Taku,Taro,Tomo,Toyo,Unkan,Usaku,Washi,Yasahiro,Yasashiku]
japaneseFemaleGiven=[Ai,Aiko,Akane,Akemi,Aki,Akiko,Akuro,Ami,Arisa,Asako,Asami,Atsuko,Aya,Ayako,Ayame,Ayano,Chiaki,Chie,Chieko,Chika,Chikako,Chikuma,Chinatsu,Chisato,Chitose,Chiyeko,Chiyo,Echiko,Eiko,Ema,Emi,Emiko,Eri,Eriko,Etsuko,Euiko,Fujiko,Fumi,Fumie,Fumiki,Fumiko,Fumiyo,Fusae,Fuyuko,Gemmei,Ginko,Hama,Hana,Hanae,Hanako,Haniko,Harukichi,Haruko,Harumi,Hatsue,Hatsuyo,Hideko,Hikaru,Hiroe,Hiroko,Hiromi,Hiroshi,Hisa,Hisae,Hisako,Hitomi,Hitomo,Hitoshi,Honami,Hoshi,Hoshie,Hoshiko,Hoshiyo,Ichi,Iku,Ikue,Ikuko,Ikuyo,Inoue,Isako,Ise,Itsuko,Izumi,Joruri,Jun,Junko,Juri,Kadiri,Kaede,Kahori,Kameko,Kaneko,Kaori,Kaoru,Kasuga,Katsue,Katsuko,Katsumi,Kayoko,Kazue,Kazuko,Kazumi,Keiko,Kichi,Kiko,Kimie,Kimiko,Kin,Kinuko,Kinuye,Kinuyo,Kioko,Kishi,Kit,Kita,Kiyo,Kiyoko,Kiyomi,Kochiyo,Koi,Koiso,Koken,Komachi,Kumi,Kumiko,Kunie,Kuniko,Kyoko,Machi,Machiko,Madoka,Mae,Maeko,Maemi,Mai,Maiko,Maki,Makiko,Mako,Mami,Mamiko,Man,Mana,Manami,Mari,Mariko,Maru,Masae,Masako,Masami,Masumi,Matsu,Maya,Mayako,Mayo,Mayoko,Mayu,Mayuko,Mayumi,Megu,Megumi,Michi,Michiko,Midori,Mieko,Miho,Mihoko,Miiko,Miki,Miliko,Mina,Minako,Mineko,Mino,Mio,Misa,Misako,Misato,Mitsu,Mitsuko,Mitsuyo,Miwako,Miya,Miyako,Miyo,Miyoko,Miyoshi,Mizuki,Momoko,Mutsuko,Mutsumi,Naho,Nahoko,Nami,Namie,Namika,Namiko,Namiyo,Nana,Nanako,Nanami,Nao,Naoko,Naomi,Naora,Nari,Nariko,Narumi,Natsuko,Natsumi,Nayoko,Nene,Nomi,Nori,Norie,Noriko,Nozomi,Nyoko,Ochiyo,Oharu,Oki,Okichi,Okiku,Omitsu,Otsu,Otsune,Raicho,Raku,Rei,Reiko,Remi,Rie,Rieko,Rika,Rikako,Riku,Rina,Rinako,Risa,Risako,Ritsuko,Romi,Rui,Rumiko,Ruri,Ruriko,Ryo,Ryoko,Sachi,Sachiko,Sadako,Sae, Saeko,Saito,Sakamae,Saki,Sakiko,Sakue,Sakuko,Sakura,Sakurako,Sakuro,Sama,Sanako,Saori,Sata,Satoko,Satomi,Sawako,Saya,Sayo,Sayoko,Sayuri,Sei,Seiko,Seka,Seki,Sen,Setsuko,Shige,Shinobu,Shioko,Shiori,Shizu,Shizue,Shizuka,Shoken,Shoko,Sué,Sui,Suko,Sumi,Sumie,Sumiko,Suzue,Suzuko,Tadako,Tae,Tai,Takako,Tama,Tamafune,Tamaki,Tamami,Tamiko,Tamiyo,Taniko,Tansho,Tara,Teruyo,Tokie,Tokiko,Tokiyo,Toku,Tomi,Tomiko,Tomoe,Tomoko,Tomomi,Toshie,Toshiko,Toyoko,Tsuki,Tsukiyama,Tsuya,Ume,Umeka,Umeko,Urako,Utako,Wazuka,Yae,Yaeko,Yasu,Yasuko,Yayoi,Yodo,Yoko,Yori,Yoriko,Yoshi,Yoshike,Yoshiko,Yu,Yui,Yuka,Yukako,Yukari,Yuki,Yukiko,Yukiyo,Yuko,Yuma,Yumako,Yumi,Yumiko,Yuri,Yuriko,Yusuke,Yutsuko,Yuya]
japaneseFamily=[Abe,Abukara,Adachi,Aida,Aihara,Aizawa,Ajibana,Akaike,Akamatsu,Akatsuka,Akechi,Akera,Akimoto,Akita,Akutagawa,Amagawa,Amaya,Amori,Anami,Ando,Anzai,Aoki,Arai,Arakawa,Araki,Arakida,Arato,Arihyoshi,Arishima,Arita,Ariwa,Ariwara,Asahara,Asahi,Asai,Asano,Asanuma,Asari,Ashia,Ashida,Ashikaga,Asuhara,Atshushi,Ayabito,Ayugai,Baba,Baisotei,Bando,Bunya,Chiba,Chikamatsu,Chikanatsu,Chino,Chishu,Choshi,Daishi,Dan,Date,Dazai,Deguchi,Deushi,Doi,Ebina,Ebisawa,Eda,Egami,Eguchi,Ekiguchi,Endo,Endoso,Enoki,Enomoto,Erizawa,Eto,Etsuko,Ezakiya,Fuchida,Fugunaga,Fujikage,Fujimaki,Fujimoto,Fujishima,Fujita,Fujiwara,Fukao,Fukuda,Fukumitsu,Fukunaka,Fukuoka,Fukusaku,Fukushima,Fukuyama,Fukuzawa,Fumihiko,Funabashi,Funaki,Funakoshi,Furusawa,Fuschida,Fuse,Futabatei,Fuwa,Gakusha,Genda,Genji,Gensai,Godo,Goto,Gushiken,Hachirobei,Haga,Hagino,Hagiwara,Hama,Hamacho,Hamada,Hamaguchi,Hamamoto,Hanabusa,Hanari,Handa,Hara,Harada,Haruguchi,Hasegawa,Hasekura,Hashimoto,Hasimoto,Hatakeda,Hatakeyama,Hatayama,Hatoyama,Hattori,Hayakawa,Hayami,Hayashi,Hayashida,Hayata,Hayuata,Hida,Hideaki,Hideki,Hideyoshi,Higashikuni,Higashiyama,Higo,Higoshi,Higuchi,Hike,Hino,Hira,Hiraga,Hiraki,Hirano,Hiranuma,Hiraoka,Hirase,Hirasi,Hirata,Hiratasuka,Hirayama,Hiro,Hirose,Hirota,Hiroyuki,Hisamatsu,Hishida,Hishikawa,Hitomi,Hiyama,Hohki,Hojo,Hokusai,Honami,Honda,Hori,Horigome,Horigoshi,Horiuchi,Horri,Hoshino,Hosokawa,Hosokaya,Hotate,Hotta,Hyata,Hyobanshi,Ibi,Ibu,Ibuka,Ichigawa,Ichihara,Ichikawa,Ichimonji,Ichiro,Ichisada,Ichiyusai,Idane,Iemochi,Ienari,Iesada,Ieyasu,Ieyoshi,Igarashi,Ihara,Ii,Iida,Iijima,Iitaka,Ijichi,Ijiri,Ikeda,Ikina,Ikoma,Imagawa,Imaizumi,Imamura,Imoo,Ina,Inaba,Inao,Inihara,Ino,Inoguchi,Inokuma,Inoue,Inouye,Inukai,Ippitsusai,Irie,Iriye,Isayama,Ise,Iseki,Iseya,Ishibashi,Ishida,Ishiguro,Ishihara,Ishikawa,Ishimaru,Ishimura,Ishinomori,Ishiyama,Isobe,Isoda,Isozaki,Itagaki,Itami,Ito,Itoh,Iwahara,Iwahashi,Iwakura,Iwasa,Iwasaki,Izumi,Jimbo,Jippensha,Jo,Joshuya,Joshuyo,Jukodo,Jumonji,Kada,Kagabu,Kagawa,Kahaya,Kaibara,Kaima,Kajahara,Kajitani,Kajiwara,Kajiyama,Kakinomoto,Kakutama,Kamachi,Kamata,Kaminaga,Kamio,Kamioka,Kamisaka,Kamo,Kamon,Kanada,Kanagaki,Kanegawa,Kaneko,Kanesaka,Kano,Karamorita,Karube,Karubo,Kasahara,Kasai,Kasamatsu,Kasaya,Kase,Kashiwagi,Kasuse,Kataoka,Katayama,Katayanagi,Kate,Kato,Katoaka,Katsu,Katsukawa,Katsumata,Katsura,Katsushika,Kawabata,Kawachi,Kawagichi,Kawagishi,Kawaguchi,Kawai,Kawaii,Kawakami,Kawamata,Kawamura,Kawasaki,Kawasawa,Kawashima,Kawasie,Kawatake,Kawate,Kawayama,Kawazu,Kaza,Kazuyoshi,Kenkyusha,Kenmotsu,Kentaro,Ki,Kido,Kihara,Kijimuta,Kijmuta,Kikkawa,Kikuchi,Kikugawa,Kikui,Kikutake,Kimio,Kimiyama,Kimura,Kinashita,Kinoshita,Kinugasa,Kira,Kishi,Kiski,Kita,Kitabatake,Kitagawa,Kitamura,Kitano,Kitao,Kitoaji,Ko,Kobayashi,Kobi,Kodama,Koga,Kogara,Kogo,Koguchi,Koiso,Koizumi,Kojima,Kokan,Komagata,Komatsu,Komatsuzaki,Komine,Komiya,Komon,Kon,Konae,Konda,Kondo,Konishi,Kono,Konoe,Koruba,Koshin,Kotara,Kotoku,Koyama,Koyanagi,Kozu,Kubota,Kudara,Kudo,Kuga,Kumagae,Kumasaka,Kunda,Kunikida,Kunisada,Kuno,Kunomasu,Kuramochi,Kuramoto,Kurata,Kurkawa,Kurmochi,Kuroda,Kurofuji,Kurogane,Kurohiko,Kuroki,Kurosawa,Kusatsu,Kusonoki,Kusunoki,Kuwabara,Kwakami,Kyubei,Maeda,Maehata,Maeno,Maita,Makiguchi,Makino,Makioka,Makuda,Marubeni,Marugo,Marusa,Maruya,Maruyama,Masanobu,Masaoka,Mashita,Masoni,Masudu,Masuko,Masuno,Masuzoe,Matano,Matokai,Matoke,Matsuda,Matsukata,Matsuki,Matsumara,Matsumoto,Matsumura,Matsuo,Matsuoka,Matsura,Matsushina,Matsushita,Matsuya,Matsuzawa,Mayuzumi,Mazaki,Mazawa,Mazuka,Mifune,Mihashi,Miki,Mimasuya,Minabuchi,Minami,Minamoto,Minatoya,Minobe,Mishima,Mitsubishi,Mitsuharu,Mitsui,Mitsukuri,Mitsuwa,Mitsuya,Mitzusaka,Miura,Miwa,Miyagi,Miyahara,Miyajima,Miyake,Miyamae,Miyamoto,Miyazaki,Miyazawa,Miyoshi,Mizoguchi,Mizumaki,Mizuno,Mizutani,Modegi,Momotami,Momotani,Monomonoi,Mori,Moriguchi,Morimoto,Morioka,Morishita,Morisue,Morita,Morri,Moto,Motoori,Motoyoshi,Munakata,Munkata,Muraguchi,Murakami,Muraoka,Murasaki,Murase,Murata,Murkami,Muro,Muruyama,Mushashibo,Muso,Mutsu,Nagahama,Nagai,Nagano,Nagasawa,Nagase,Nagata,Nagatsuka,Nagumo,Naito,Nakada,Nakadai,Nakadan,Nakae,Nakagawa,Nakahara,Nakajima,Nakamoto,Nakamura,Nakane,Nakanishi,Nakano,Nakanoi,Nakao,Nakasato,Nakasawa,Nakasone,Nakata,Nakatoni,Nakayama,Nakazawa,Namiki,Nanami,Narahashi,Narato,Narita,Nataga,Natsume,Nawabe,Nemoto,Niijima,Nijo,Ninomiya,Nishi,Nishihara,Nishikawa,Nishimoto,Nishimura,Nishimuraya,Nishio,Nishiwaki,Nitta,Nobunaga,Noda,Nogi,Noguchi,Nogushi,Nomura,Nonomura,Noro,Nosaka,Nose,Nozaki,Nozara,Numajiri,Numata,Obinata,Obuchi,Ochiai,Ochida,Odaka,Ogata,Ogiwara,Ogura,Ogyu,Ohba,Ohira,Ohishi,Ohka,Ohmae,Ohmiya,Oichi,Oinuma,Oishi,Okabe,Okada,Okakura,Okamoto,Okamura,Okanao,Okanaya,Okano,Okasawa,Okawa,Okazaki,Okazawaya,Okimasa,Okimoto,Okita,Okubo,Okuda,Okui,Okuma,Okuma,Okumura,Okura,Omori,Omura,Onishi,Ono,Onoda,Onoe,Onohara,Ooka,Osagawa,Oshima,Oshin,Ota,Otaka,Otake,Otani,Otomo,Otsu,Otsuka,Ouchi,Oyama,Ozaki,Ozawa,Ozu,Raikatuji,Royama,Ryusaki,Sada,Saeki,Saga,Saigo,Saiki,Saionji,Saito,Saitoh,Saji,Sakagami,Sakai,Sakakibara,Sakamoto,Sakanoue,Sakata,Sakiyurai,Sakoda,Sakubara,Sakuraba,Sakurai,Sammiya,Sanda,Sanjo,Sano,Santo,Saromi,Sarumara,Sasada,Sasakawa,Sasaki,Sassa,Satake,Sato,Satoh,Satoya,Sawamatsu,Sawamura,Sayuki,Segawa,Sekigawa,Sekine,Sekozawa,Sen,Senmatsu,Seo,Serizawa,Shiba,Shibaguchi,Shibanuma,Shibasaki,Shibasawa,Shibata,Shibukji,Shichirobei,Shidehara,Shiga,Shiganori,Shige,Shigeki,Shigemitsu,Shigi,Shikitei,Shikuk,Shima,Shimada,Shimakage,Shimamura,Shimanouchi,Shimaoka,Shimazaki,Shimazu,Shimedzu,Shimizu,Shimohira,Shimura,Shinko,Shinozaki,Shinozuka,Shintaro,Shiokawa,Shiomi,Shionoya,Shiotani,Shioya,Shirahata,Shirai,Shiraishi,Shirane,Shirasu,Shiratori,Shirokawa,Shiroyama,Shiskikura,Shizuma,Shobo,Shoda,Shunji,Shunsen,Siagyo,Soga,Sohda,Soho,Soma,Someya,Sone,Sonoda,Soseki,Sotomura,Suenami,Sugai,Sugase,Sugawara,Sugihara,Sugimura,Sugisata,Sugita,Sugitani,Sugiyama,Sumitimo,Sunada,Suzambo,Suzuki,Tabuchi,Tadeshi,Tagawa,Taguchi,Taira,Taka,Takabe,Takagaki,Takagawa,Takagi,Takahama,Takahashi,Takamura,Takano,Takaoka,Takara,Takarabe,Takashi,Takashita,Takasu,Takasugi,Takayama,Takeda,Takei,Takekawa,Takemago,Takemitsu,Takemura,Takenouchi,Takeshita,Taketomo,Takeuchi,Takewaki,Takimoto,Takishida,Takizawa,Taku,Takudo,Takudome,Tamazaki,Tamura,Tamuro,Tanaka,Tange,Tani,Taniguchi,Tanizaki,Tankoshitsu,Tansho,Tanuma,Tarumi,Tatenaka,Tatsuko,Tatsuno,Tatsuya,Tawaraya,Tayama,Temko,Tenshin,Terada,Terajima,Terakado,Terauchi,Teshigahara,Teshima,Tochikura,Togo,Tojo,Tokaji,Tokuda,Tokudome,Tokuoka,Tomika,Tomimoto,Tomioka,Tommii,Tomonaga,Tomori,Tono,Torii,Torisei,Toru,Toshishai,Toshitala?,Toshusai,Toyama,Toyoda,Toyoshima,Toyota,Toyotomi,Tsubouchi,Tsucgimoto,Tsuchie,Tsuda,Tsuji,Tsujimoto,Tsujimura,Tsukada,Tsukade,Tsukahara,Tsukamoto,Tsukatani,Tsukawaki,Tsukehara,Tsukioka,Tsumemasa,Tsumura,Tsunoda,Tsurimi,Tsuruga,Tsuruya,Tsushima,Tsutaya,Tsutomu,Uboshita,Uchida,Uchiyama,Ueda,Uehara,Uemura,Ueshima,Uesugi,Uetake,Ugaki,Ui,Ukiyo,Umari,Umehara,Umeki,Uno,Uoya,Urogataya,Usami,Ushiba,Utagawa,Wakai,Wakatsuki,Watabe,Watanabe,Watari,Watnabe,Watoga,Yakuta,Yamabe,Yamada,Yamagata,Yamaguchi,Yamaguchiya,Yamaha,Yamahata,Yamakage,Yamakawa,Yamakazi,Yamamoto,Yamamura,Yamana,Yamanaka,Yamanouchi,Yamanoue,Yamaoka,Yamashita,Yamato,Yamawaki,Yamazaki,Yamhata,Yamura,Yanagawa,Yanagi,Yanagimoto,Yanagita,Yano,Yasuda,Yasuhiro,Yasui,Yasujiro,Yasukawa,Yasutake,Yoemon,Yokokawa,Yokoyama,Yonai,Yosano,Yoshida,Yoshifumi,Yoshihara,Yoshikawa,Yoshimatsu,Yoshinobu,Yoshioka,Yoshitomi,Yoshizaki,Yoshizawa,Yuasa,Yuhara,Yunokawa]
welshMaleGiven=[Adda,Addaon,Adeon,Aedd,Aeddan,Aelhearn,Aelwyn,Aeron,Afagddu,Afallon,Afan,Afen,Alan,Alaw,Alawn,Alban,Aldith,Aldryd,Aldrydd,Aldwyth,Alec,Aled,Aleid,Alun,Alwyn,Alyn,Amaethon,Amlodd,Anarawd,Andreas,Andro,Aneirin,Aneurin,Angwyn,Anhun,Arawn,Arial,Arianwyn,Arnallt,Arofan,Aron,Arthen,Arthfael,Arthgen,Arthien,Arthmael,Arthur,Arwel,Arwyn,Asaff,Asaph,Aurfryn,Auryn,Awen,Awsten,Aylwyn,Baeddan,Baglan,Barri,Barti,Bedaws,Bedivere,Bedivere,Bedwin,Bedwyn,Bedwyn,Bedwyr,Bedwyr,Beinon,Berddig,Bergam,Berwyn,Beuno,Bevan,Beynon,Bifan,Bleddyn,Bledig,Bledri,Blethyn, Bleiddyn, Bleiddian,Blwchfardd,Boreugwyn,Brân,Branwaladr,Breichiawl,Brice,Brioc,Brochfael,Brochwel,Bryce,Brychan,Bryn,Bryngwyn,Brynllyn,Brynlyn,Brynmawr,Brynmor,Brython,Cadell,Cadfael,Cadoc,Cadog,Cadogan,Cadwaladr,Cadwallader,Cadwallon,Cadwgan,Caerwyn,Cai, Caw,Caradoc, Caradwg,Caradog,Carwyn,Cassivelanus,Caswallon,Cawrdaf,Cecil,Cedrych,Cei,Ceinfryn,Ceiriog,Celyn,Celynen,Celynin,Cennydd,Ceredig,Ceri,Cewydd,Cian,Cledwyn,Clwyd,Clydai,Clydno,Coel,Collen,Colwyn,Conan,Conwy,Cospatrick,Craigfryn,Cranog,Crwys,Culhwch,Culhwych,Cunedda,Curig,Cyfeiliog,Cyffin,Cymro,Cynan,Cynddelw,Cynddylan,Cyndeyrn,Cynedda,Cynfab,Cynfael,Cynfarch,Cynfrig,Cynmarch,Cynog,Cynon,Dafydd,Dai,Dedwydd,Deian,Deiniol,Delwyn,Derfel,Deri,Dewi,Dogmael,Dwyryd,Dyfri,Dylan,Ednyfed,Einion,Eirian,Eirwyn,Elffin,Elhaern,Elidir,Elidor,Elis,Elphon,Elwyn,Elystan,Emlyn,Emrys,Emyr,Evan,Evan,Fflamddwyn,Ffransis,Fychan,Gareth,Gavin,Gawain,Geraint,Gerallt,Gethin,Gethyn,Gildas,Gilfaethwy,Glanmor,Glyn,Goronwy,Griffith,Grigor,Gruffydd,Gwaednerth,Gwalchgwyn,Gwalchmai,Gwatcyn,Gwaun,Gwenlyn,Gwili,Gwilym,Gwion,Gwydderig,Gwyddno,Gwydion,Gwydyr,Gwyn,Gwyn,Gwynfor,Gwythyr,Hafgan,Heddwyn,Heilyn,Heini,Hergest,Heulfryn,Heulyn,Huw,Hywel,Iago,Ianto,Idris,Idwal,Iestin,Iestyn,Ieuan,Ifan,Ifor,Illtyd,Ioan,Iolo,Iorweth,Kendrew,Kendrick,Kenneth,Kian,Kyffin,Lewys,Llew,Llewellyn,Lloyd,Llwyd,Llyr,Llywarch,Llywelyn,Mabon,Macsen,Maddox,Madoc,Madog,Mael,Maelgwn,Maelgwyn,Maelmadog,Mareddyd,Marmaduke,Math,Mathonwy,Medrawd,Meic,Meical,Meilyr,Meirion,Meredudd,Merfyn,Meriadoc,Merlin,Mervin,Meurig,Mihangel,Moelwyn,Mordred,Morgan,Morien,Myrddin,Nudd,Owain,Owen,Pawl,Pedr,Peredur,Petran,Powel,Pryderi,Pwyll,Rees, Reece, Reese,Reynold,Rhein,Rheinallt,Rhisiart,Rhodri,Rhun,Rhydderch,Rhydian,Rhydwyn,Rhys,Robat,Seiriol,Selwyn,Siarl,Siencyn,Simwnt,Sion,Sionyn,Sior,Steffan,Sulien,Sulwyn,Taliesin,Tegwyn,Teilo,Tewdwr,Tomos,Trefor,Trevor,Trystan,Tudor,Vaughan,Wyn,Wyn,Ynyr,Yorath]
welshFemaleGiven=[Adaryn,Addfwyn,Aderyn,Adlais,Adwen,Aelwen,Aerfen,Aeron,Aeron,Aeron,Aeronwen,Aeronwy,Afryl,Alaw,Aldith,Aldwyth,Aldyth,Alis,Alwen,Alys,Amranwen,Aneira,Anest,Angharad,Ann,Anna,Annest,Annwen,Annwr,Annwyl,Anwen,Anwyl,Arddun,Arianell,Arianrhod,Arianwen,Arwen,Arwenna,Arwenna,Aurddolen,Auron,Awela,Awena,Aylwen,Banwen,Beca,Beca,Berwen,Bethan,Beti,Betrys,Betsan,Bettrys,Blodeuedd,Blodwedd,Blodwen,Boadicea,Branwen,Brengain,Brengana,Brengein,Brengwain,Brenwain,Briallen,Brisen,Bronmai,Bronwen,Brythonwen,Buddug,Cadi,Cain,Calan,Canaid,Caron,Caronwen,Carwen,Carwenna,Caryl,Carys,Cati,Catrin,Catws,Ceindeg,Ceindrych,Ceinfryn,Ceinwen,Ceirios,Ceri,Ceridwen,Ceris,Cerys,Cerys,Collwen,Creiddylad,Cordelia,Creuddylad,Crisiant,Cristyn,Crystyn,Cyffin,Daron,Deilwen,Del,Delun,Delwen,Delyn,Delyth,Deris,Derryth, Derith,Derwena,Deryn,Deryth,Diddanwy,Dilwen,Dilys,Drudwen,Drydwen,Drysi,Dwyfor,Dwynwen,Dwyryd,Dwysan,Dyddanwy,Dyddgu,Dyfi,Ebrill,Ebrilla,Edwy,Efa,Efanna,Eigra,Eilir,Eilonwy,Eiluned,Eilwen,Eira,Eirian,Eiriana,Eirianedd,Eirianwen,Eiriol,Eirlys,Eirwen,Eirys,Elain,Elan,Elanna,Elen,Elenid,Elenydd,Eleri,Elinor,Elisabeth,Elli,Elliw,Eluned,Ena,Enfys,Enid,Enida,Enidwen,Eos,Erin,Erina,Eryl,Eryla,Erylys,Eryn,Essylt,Esyllt,Ethni,Eurddolyn,Eurfron,Euron,Euron,Eurwen,Eurys,Ewig,Faleiry,Fanw,Ffion,Fflur,Ffraid,Ffreuer,Fioled,Gaenor,Gaynor,Geinor,Generys,Gladys,Glenda,Glenys,Glesni,Glynis,Glynys,Goleubryd,Goleudydd,Grug,Guinevere,Gwawr,Gwawrddydd,Gwawrwen,Gweirnfyl,Gweiryl,Gwen,Gwenda,Gwenddydd,Gwendolen,Gwendoline,Gwendolyn,Gwener,Gwenfair,Gwenfor,Gwenfrewi,Gwenfron,Gwenhwyfar,Gwenith,Gwenllian,Gwenlliant,Gwenlyn,Gwennan,Gwennant,Gwennol,Gwenol,Gwenydd,Gwenynan,Gwenyth,Gwerful,Gwernan,Gwernen,Gwernfyl,Gweryl,Gwladwen,Gwladys,Gwlithen,Gwyddelan,Gwyddfid,Gwyladus,Gwylan,Gwylfai,Gwyneth,Gwynhwyfar,Gwynonwen,Haf,Hafgan,Hafren,Hafwen,Heddwen,Hedydd,Heini,Heledd,Heulwen,Heulyn,Hydref,Hywela,Iarlles,Idanwen,Ifanna,Ifanwy,Igraine,Ilar,Iona,Ionawr,Ionor,Ionwen,Iorwen,Iseult,Iseult,Isolda,Isolde,Isotta,Ithela,Jennifer,Leri,Lili,Lilwen,Linnet,Liwsi,Lleucu,Llian,Llinos,Llio,Lluan,Lodes,Lona,Lowri,Luned,Luned,Lyneth,Lynette,Lynfa,Lynnette,Lynwen,Mabli,Madlen,Madron,Maelona,Maelorwen,Mai,Mair,Mairwen,Mallt,Manon,Mared,Marged,Mari,Medeni,Medi,Medwen,Mefin,Megan,Meinwen,Meira,Meirionwen,Melangell,Meleri,Meri,Meudwen,Modlen,Modron,Modwen,Moelwen,Mold,Mona,Morforwyn,Morfudd,Morwen,Morwenna,Mwyndeg,Mwynen,Myfanwy,Myfi,Myfina,Nan,Nanno,Nans,Nansi,Nant,Nanwen,Nefyn,Nerys,Nest,Nesta,Nia,Non,Nona,Nonna,Olwen,Olwenna,Owena,Perl,Rebeca,Rhagnell,Rhedyn,Rhiain,Rhian,Rhianedd,Rhiangar,Rhianna,Rhiannon,Rhianwen,Rhianydd,Rhiengar,Rhona,Rhonda,Rhondda,Rhonwen,Rhosan,Rhoslyn,Rhoswy,Rhuanedd,Rhunedd,Rian,Rosentyl,Rowena,Sara,Seirial,Seirian,Seren,Siân,Siani,Sidan,Sioned,Sionen,Siriol,Siwan,Siwsan,Sulian,Sulwen,Surwen,Tafwys,Tanglwst,Tangwen,Tangwystl,Tanwen,Taryn,Tegan,Tegau,Tegeirian,Tegfedd,Tegwedd,Tegwen,Tegyd,Teiddwen,Teifi,Telaid,Teleri,Telyn,Tesni,Tirion,Tonwen,Tudful,Tudfyl,Tydfil,Tyleri,Undeg,Wena,Wenhaf,Wenna,Winifred,Ynyra]
welshFamily=[Bach,Balch,Baughan,Baughn,Beavin,Beddoe,Beddow,Bellin,Belling,Bellis,Bellis,Bennion,Bethel,Bethell,Bevan,Beynon,Binion,Binner,Binnion,Bithell,Biven,Bivin,Blethen,Bliven,Blood,Blower,Bloyd,Boliver,Bonner,Bowell,Breckon,Brice,Broderick,Bryn,Brys,Buell,Bugh,Bunner,Caddell,Caddick,Cadigan,Cadogan,Cadwalader,Cadwallader,Cardiff,Carew,Carey,Cattell,Cecil,Clough,Cloyd,Comey,Conway,Cornog,Coslett,Dacus,Davies,Day,Days,Dee,Dew,Dewey,Dey,Edris,Elijah,Elley,Erwood,Esau,Evan,Evans,Evanson,Eynon,Faughn,Firth,Flint,Flower,Floyd,Gaynor,Geddings,Gethin,Gettings,Gibby,Gittings,Gittings,Gittins,Glace,Glas,Glasscock,Glines,Glynn,Goff,Gotch,Gough,Gower,Greenway,Griff,Griffin,Griffith,Griffiths,Guild,Guilliams,Gwilliam,Gwyn,Gwynn,Gwynne,Hanmer,Hargest,Harries,Harvard,Havard,Heaven,Hennion,Hier,Hire,Hovey,Howell,Howells,Hughes,Idle,Keelan,Kemble,Kendrick,Kerry,Lace,Lewis,Lewison,Llewellyn,Llewelyn,Lloyd,Maddy,Mathias,Meredith,Merrick,Moore,Mordecai,More,Morgan,Morgans,Morris,Morse,Mostyn,Mower,Myricks,Nanney,Nest,Nevitt,Nist,Onion,Owen,Owens,Palin,Parry,Pearce,Pembroke,Pendry,Pennoyer,Penry,Perry,Pew,Pewitt,Poovey,Popkin,Povey,Powe,Poyner,Preddy,Preece,Price,Prichard,Prichett,Priddy,Priddy,Priddy,Priddy,Pride,Pritchard,Pritchett,Probert,Prosser,Prothero,Protheroe,Prothro,Prowell,Pryce,Pugh,Pumphrey,Pye,Rease,Reece,Rees,Reese,Rhees,Rhoderick,Rice,Roderick,Rosser,Sayer,Scurlock,Sealy,Seff,Shone,Tew,Trahern,Treharne,Trevor,Tudor,Uren,Urian,Vaughan,Vaughn,Wathen,Wiliams,Wren,Wynn,Wynne,Yale,Yarwood]
koreanMaleGiven=[Beom-seok,Beom-soo,Byung-chul,Byung-ho,Byung-hoon,Byung-hun,Byung-joon,Byung-woo,Byung-wook,Chan-woo,Chan-young,Chang-ho,Chang-hoon,Chang-nam,Chang-woo,Cheol-min,Chi-won,Chul,Chul-soo,Chul-soon,Chul-woo,Dae-hyun,Dae-sung,Dae-won,Deok-su,Do-hun,Do-hyun,Do-won,Dong-chan,Dong-chul,Dong-geun,Dong-gun,Dong-ha,Dong-hoon,Dong-hyuk,Dong-hyun,Dong-il,Dong-jun,Dong-soo,Dong-suk,Dong-won,Dong-woo,Dong-wook,Eun-sang,Geun,Gun,Ha-joon,Hae-il,Hae-seong,Han-bin,Han-jae,Hee-chul,Ho,Ho-jin,Ho-jun,Ho-sung,Hong-gi,Hoon,Hyuk,Hyuk-jae,Hyun-jun,Hyun-seok,Hyun-seung,Hyun-sik,Hyun-tae,Hyun-woo,Hyun-wook,Hyung-joon,Hyung-min,Hyung-won,Hyungsik,Il,Il-sung,In-sik,Jae-beom,Jae-Bong,Jae-geun,Jae-ho,Jae-hyuk,Jae-hyun,Jae-jin,Jae-joon,Jae-joong,Jae-kuk,Jae-seop,Jae-suk,Jae-sung,Jae-woo,Jae-wook,Jae-woong,Jae-yong,Ji-hun,Ji-hwan,Ji-seok,Ji-tae,Ji-woon,Ji-woong,Jin-hwan,Jin-hyuk,Jin-kyu,Jin-woo,Jin-wook,Jin-woon,Jong-ho,Jong-hoon,Jong-hyuk,Jong-hyun,Jong-il,Jong-seok,Jong-soo,Jong-yul,Joo-hwan,Jooheon,Joon-ho,Joon-hyuk,Joon-ki,Joon-Sup,Joon-tae,Joong-ki,Jun-ha,Jun-sang,Jun-seo,Jun-seok,Jun-su,Jung-ho,Jung-hoon,Jung-hwan,Jung-il,Jung-jin,Jung-mo,Jung-myung,Jung-nam,Jung-sik,Junsu,Kang-min,Ki-ha,Ki-jung,Ki-moon,Ki-tae,Ki-woo,Ki-woong,Kun-woo,Kwang-ho,Kwang-hoon,Kwang-hwan,Kwang-hyok,Kwang-hyun,Kwang-jo,Kwang-min,Kwang-seok,Kwang-seon,Kwang-sik,Kwang-su,Kyu-chul,Kyuhyun,Kyung-chul,Kyung-gu,Kyung-ho,Kyung-hwan,Kyung-jae,Kyung-joon,Kyung-mo,Kyung-seok,Kyung-soo,Kyung-tae,Kyung-taek,Kyung-wan,Man-seok,Man-sik,Man-soo,Min-chul,Min-ho,Min-hyuk,Min-jun,Min-ki,Min-kyu,Min-seok,Min-woo,Moon-sik,Moon-soo,Mu-yeol,Myung-bak,Myung-hoon,Myung-hwan,Myung-jun,Myung-soo,Myung-yong,Nam-gi,Nam-il,Oh-seong,Sang-chul,Sang-hoon,Sang-hyun,Sang-jun,Sang-won,Sang-woo,Sang-wook,Se-hun,Seo-jun,Seok-ho,Seong-hoon,Seung-chul,Seung-gi,Seung-heon,Seung-ho,Seung-hoon,Seung-hwan,Seung-jae,Seung-jun,Seung-soo,Seung-won,Seung-woo,Seung-yoon,Si-woo,Soo-geun,Suk-won,Sung-bin,Sung-chul,Sung-ha,Sung-ho,Sung-il,Sung-jae,Sung-jin,Sung-keun,Sung-ki,Sung-mo,Sung-soo,Sung-woo,Sung-yong,Tae,Tae-ho,Tae-il,Tae-joon,Tae-min,Tae-soo,Tae-suk,Tae-sung,Tae-won,Tae-woo,Tae-wook,Tae-woong,Tae-yong,Won-chul,Won-ho,Won-il,Won-jae,Won-sik,Won-Sul,Won-yong,Woo-jin,Woo-sung,Woon-Jae,Woong,Ye-jun,Yeon-seok,Yeong-jun,Yo-han,Yong-gi,Yong-ho,Yong-joon,Yong-nam,Yoo-gun,Yoo-suk,Young-chul,Young-gi,Young-ho,Young-hoon,Young-hwan,Young-jae,Young-tae,Young-wook,Yun-seok]
koreanFemaleGiven=[Ae-jung,Ah-seong,Areum,Bit-na,Bo-young,Bora,Chae-won,Chae-young,Chun-hwa,Chun-ja,Da-hee,Da-hye,Do-hee,Eun-ah,Eun-bi,Eun-byul,Eun-chae,Eun-ha,Eun-hee,Eun-hye,Eun-ji,Eun-jin,Eun-ju,Eun-jung,Eun-kyung,Eun-mi,Eun-sook,Eun-young,Eunseo,Ga-in,Ga-yoon,Ga-young,Go-eun,Gyuri,Ha-eun,Han-na,Hana,Hwa-young,Hye-bin,Hye-in,Hye-ja,Hye-jin,Hye-jung,Hye-kyung,Hye-mi,Hye-rim,Hye-rin,Hye-su,Hye-won,Hye-young,Hyo-joo,Hyo-rin,Hyun-a,Hyun-mi,Hyun-sook,In-hye,In-sook,Jang-mi,Jeong-ja,Ji-ae,Ji-eun,Ji-hye,Ji-yeon,Ji-young,Jin-joo,Jina,Jung-ah,Jung-sook,Jung-soon,Kyung-ah,Kyung-hwa,Kyung-ja,Kyung-ok,Kyung-sook,Mi-hee,Mi-ja,Mi-jung,Mi-kyung,Mi-ran,Mi-sook,Mi-yeon,Mi-young,Min-ji,Min-jung,Min-seo,Mina,Myung-hwa,Myung-ok,Myung-sook,Myung-soon,Na-young,Namjoo,Nari,Sang-mi,Seo-yeon,Seol-hee,Seon-ok,Seong-ja,Seung-ah,Shin-hye,Si-eun,Si-yeon,So-hee,So-hyun,So-won,So-yeon,So-yi,So-young,Soo-ah,Soo-jung,Sook-ja,Soon Yi,Soon-hee,Soon-ja,Sora,Su-mi,Sun-hwa,Sun-mi,Sun-ok,Sung-mi,Sung-sook,Ye-eun,Ye-ji,Ye-jin,Ye-rin,Ye-seo,Ye-won,Yebin,Yeo-jin,Yeong-ok,Yihwa,Yoo-kyung,Yoon-sook,Young-ae,Young-ja,Young-mi,Young-sook,Yu-ri,Yumi]
koreanFamily=[Ahn,An,Bae,Baek,Bai,Baik,Bak,Ban,Bang,Boo,Byun,Cha,Chae,Chai,Chang,Chay,Che,Chee,Cheong,Chew,Chi,Chin,Cho,Choe,Choi,Chon,Chong,Choung,Chu,Chun,Chung,Do,Gang,Goe,Goo,Ha,Hahm,Ham,Han,Heo,Her,Ho,Hong,Huh,Hur,Hwang,Hyun,Im,In,Jang,Jee,Jeon,Jeong,Jin,Joh,Jon,Jong,Ju,Jue,Jun,Jung,Kang,Kee,Keng,Ki,Kil,Kim,Ko,Kong,Koo,Kook,Ku,Kuk,Kwak,Kwan,Kwock,Kwok,Kwon,Kye,Lee,Lim,Ma,Min,Mok,Mong,Moon,Mun,Myung,Na,Nahm,Nam,No,Noh,Oh,Ok,Om,Pae,Paek,Pai,Paik,Pak,Pan,Pang,Pong,Pu,Pyon,Pyun,Quon,Ra,Ree,Reeh,Rhee,Rho,Rim,Ro,Roe,Roh,Ryu,Sa,Seo,Sheen,Shim,Shin,Shon,Sim,Sin,So,Soh,Sohn,Sok,Son,Song,Song,Suh,Suk,Sun,Sung,Sur,Tak,Tan,Tang,To,Toh,Um,Wang,Whang,Won,Woo,Yang,Ye,Yee,Yeo,Yi,Yoh,Yon,Yong,Yoo,Yoon,You,Youn,Yu,Yum,Yun]
normanMaleGiven=[Âbréhan,Achard,Âdam,Aimablle,Aimé,Albé,Albéric,Albèrt,Alcide,Alcine,Alfred,Almire,Andrâ,Arsène,Arthur,Aubert,Aubîn,Barnabé,Batistin,Bazile,Bênardin,Benjamîn,Bénoni,Benouét,Bèrnabé,Bertin,Bêtinet,Bon,Bouonot,Bram,Cénéric,César,Charles,Charlot,Chinot,Cliément,Cllément,Cllémentin,Clovis,Colas,Constant,Dâlpheusse,Dannié,Dardinne,Dardot,Darri,Darrique,Dâvi,Delphin,Dénin,Désiré,Dgibèrt,Dgilliaume,Dol,Edelmir,Êdouard,Élyie,Elysée,Ernest,Èrthu,Eudes,Evroult,Félix,Firmin,Fllipin,Fllocé,Françot,Françouais,Fraunchinot,Fraunçouès,Frédéris,Frédo,Fréton,Gabriel,Geffrai,Génotin,German,Gérold,Gllâome,Gllâomin,Guérôme,Guian,Guilbert,Guustave,Guuste,Guustin,Guy,Guytounet,Hébèrt,Henri,Hippolyte,Hubèrt,Hyacynthe,Isidore,Jâcob,Jacot,Jacques,Jâosé,Jâoséphin,Jaques,Jaquinot,Jean,Jeannot,Jeaun,Jeustin,Jimce,Jînmîn,Jônas,Josué,Jules,Julot,Laïesse,Laud,Léan,Léonche,Lexaundre,Lexis,Liyoun,Louis,Louisot,Louisotin,Louothains,Luc,Ludovi,Mabire,Mar,Martîn,Matchi,Mathurin,Médée,Médéric,Miché,Michi,Moïse,Napoliyoun,Nic,Niclesse,Nico,Nicolas,Noré,Noué,Olivyi,Olympe,Onésipe,Ortaire,Ouesslé,Pâolin,Pèrrotîn,Philippe,Piérin,Piérotin,Pièrre,Pierrot,Pièrrot,Piteur,Pllacide,Polydor,Polyte,Prudent,Pyire,Rasiphe,Raven,Rechard,Rémin,Réné,Robèrt,Rollon,Rou,Sosthène,Tam,Tancrède,Tanme,Tanmîn,Tanminne,Tchèrli,Théodore,Thimothée,Thiophile,Thiry,Thonmas,Timothée,Touénot,Ugène,Valentîn,Victorin,Wandrille,Zéphyr,Zidore]
normanFemaleGiven=[Adeline,Agathe,Aliénor,Almaïde,Alzina,Ambre,Âmice,Anne,Antoinette,Aonène,Arlette,Aspasie,Aungèle,Aungélina,Azelma,Batilde,Bellé,Berrie,Berthe,Berthille,Betté,Bonne,Brunhilde,Carolène,Cathrène,Cathrinne,Catlet,Catlinne,Cécire,Cédulie,Célène,Chimâne,Chinote,Claudile,Cllâodène,Cllémentène,Coline,Coralie,Cyrille,Délaïde,Dorothée,Edelène,Edelmire,Élîzabé,Elphège,Elyzée,Emélie,Ephrasie,Ernestène,Estèr,Eulalie,Euphrosène,Êve,Ezilda,Félicitaé,Féréolle,Fleurine,Flieur,Fllavie,Fraunchoun,Fraunchounette,Gabyelle,Gélique,Génie,Génîn,Grâce,Guéânne,Guiâné,Guiânette,Guinâte,Guiromène,Guustène,Henriette,Hièrru,Housse,Isabé,Jacotte,Janine,Jânotte,Jasmîn,Jeanne,Jeanneton,Jeannetounette,Jénîn,Jennîn,Jeulie,Jeustène,Joséphène,Jouaie,Juliette,Launde,Lèane,Léne,Léonne,Léontine,Lina,Lioûnie,Lisa,Lisabé,Lîsabé,Lison,Lîzabé,Lliocadie,Llioûnîn,Lonôre,Louiseu,Loulou,Lucette,Lucie,Manoun,Margerie,Margot,Margotton,Marguerite,Maria,Marie,Marie-Madelène,Marotène,Marotte,Mathide,Mathie,Mauricette,Mélanîn,Mélie,Mêlie,Mélina,Mélonie,Méraïyeu,Mêrrienne,Modeste,Mollé,Naïse,Nancy,Nânette,Nâonoun,Nathalée,Nathalie,Néné,Nénotte,Norène,Olympe,Ophélie,Ouinneteur,Pâcienche,Palmyre,Pâolène,Pavot,Pérotène,Philiberthe,Philomène,Placite,Pllagie,Râché,Raîne,Rénâée,Rousalie,Saundrène,Sébire,Séraphène,Sidonnie,Simone,Sophie,Soucique,Stèr,Suzette,Suzonne,Suzoun,Torène,Touènette,Ursule,Victoère,Victorène,Violâte,Vonette,Younette,Yvanne,Zabeth,Zélie,Zénaïde,Zoé]
normanFamily=[Amond,Archer,Argent,Aucourte,Avery,Bacca,Banister,Baskerville,Basset,Beauchamp,Beaumont,Bellamy,Belford,Blampied,Blanchard,Blodgett,Bonner,Bragg,Bray,Brocket,Bryan,Bullen,Bunker,Burce,Burcy,Burgoyne,Burke,de Burgh,Buttle,Butcher,Boucher,Carpenter,Carter,Chamberlain,Chambers,Champernon,Champernowne,Cambernon,Champernoun,Champnon,Chamborne,Chancellor,Condon,Corbett,Cornely,Courtenay,Cruise,Curtis,Dalton,Darrell,Daubney,Daugherty,Delaney,Devere,de Vere,Devereux,Disney,Dorsey,Draper,Drury,Darcy,DiOnston,De Gascur,de Lacy,De Quincey,De Marisco,de Voil,Enfield,Farmer,Fay,de Fae,FitzJoly,FitzWilliam,Florence,Fortescue,Francis,French,Gascoignes,Geary,Godfrey,Grant,Granville,Hall,Halsall,Harcourt,Henry,Hirons,Hamblin,Ilbert,Ingram,Ingrams,Irons,Jolly,Jordan,Lamar,Lamarr,Large,Argent,Latimer,Leavitt,Lever,Levett,Longe,Lovell,Lowell,Luci,Lyon,Lyons,Lear,Major,Malet,Mallory,Mandeville,Marion,Mayeux,Mayoh,Mayor,Montgomery,Mottershead,Mundy,Montagu,Morris,Mortimer,Neville,Osment,Osmond,Pane,Percy,Pomeroy,Pople,Purefoy,Quincy,Roy,Royall,Russell,Rockett,Sarell,Sayre,Sidney,Sinclair,Spencer,St Clair,St Leger,Saint Claire,Seymour,Taillefer,Talbot,Taney,Terrell,Tracey,Travis,Varley,Verley,Vavasour,Vere,Vernon,Vincent,Vipond,Wallace,Warren,Wharmby,Wilburn,Worley,Wyvill,Zouch]
